(1789379625.227348) can0 706#0322F11300000000
(1789379625.239159) can0 70E#101B62F113424D35
(1789379625.240171) can0 706#3000000000000000
(1789379625.248407) can0 70E#21542D3139483430
(1789379625.261695) can0 70E#22362D4147000000
(1789379625.266630) can0 70E#2300000000000000
(1789379625.369216) can0 706#0322F18800000000
(1789379625.381718) can0 70E#101B62F188435634
(1789379625.386714) can0 706#3000000000000000
(1789379625.387327) can0 70E#21542D3134463339
(1789379625.398910) can0 70E#22372D4146000000
(1789379625.408173) can0 70E#2300000000000000
(1789379633.324837) can0 706#0210020000000000
(1789379633.326750) can0 70E#065002001901F400
(1789379634.400850) can0 706#0227010000000000
(1789379634.403892) can0 70E#0567013450FC0000
(1789379634.405048) can0 706#0527022B3A700000
(1789379634.407215) can0 70E#0267020000000000
(1789379634.595193) can0 706#100B340044008200
(1789379634.601027) can0 70E#3000000000000000
(1789379634.604911) can0 706#2100000013300000
(1789379634.607008) can0 70E#0474200FFF000000
(1789379634.614261) can0 706#1FFF3601426F6F74
(1789379634.614515) can0 70E#3000000000000000
(1789379634.624446) can0 706#214E666F00005C13
(1789379634.624769) can0 706#220CAA5AA555412E
(1789379634.624917) can0 706#23442E432E5F4352
(1789379634.625165) can0 706#2443737400820000
(1789379634.626132) can0 706#250082132F31B60A
(1789379634.626368) can0 706#2617435346322A00
(1789379634.626616) can0 706#27000047454E4552
(1789379634.626859) can0 706#28414C3030303031
(1789379634.627106) can0 706#29FF090214FF0E1B
(1789379634.627349) can0 706#2A16020201FF0082
(1789379634.627602) can0 706#2B11F44D33323139
(1789379634.627833) can0 706#2C32000000311F0A
(1789379634.628085) can0 706#2D00821308E08213
(1789379634.628324) can0 706#2E3020C0F000B090
(1789379634.628603) can0 706#2F0005E080070CE1
(1789379634.629092) can0 706#20821330A6700000
(1789379634.629342) can0 706#21600120411FCEF0
(1789379634.629578) can0 706#2200E080070CE182
(1789379634.629827) can0 706#231330A660000060
(1789379634.630084) can0 706#240020411FCEF000
(1789379634.631045) can0 706#252E7FF000E08213
(1789379634.631766) can0 706#263420C0F000B080
(1789379634.632015) can0 706#270003E082133420
(1789379634.632266) can0 706#28C01EC02EEF1FCE
(1789379634.632504) can0 706#292E7FF000E08213
(1789379634.632793) can0 706#2A3820C0F000B080
(1789379634.633271) can0 706#2B0003E082133820
(1789379634.633508) can0 706#2CC01EC02EEF1FCE
(1789379634.633762) can0 706#2D2E7F7EE5E58212
(1789379634.634929) can0 706#2E5864017EF07EEA
(1789379634.635178) can0 706#2FF0002EEF1FCE4F
(1789379634.644760) can0 706#20FC2E7F7EDFF000
(1789379634.644924) can0 706#21E582125964017E
(1789379634.645161) can0 706#22EA85AF00046401
(1789379634.646854) can0 706#237EEF7EE2F000A0
(1789379634.647111) can0 706#249F00042EEF4F04
(1789379634.647354) can0 706#251FCEF0004FFC28
(1789379634.647600) can0 706#267F2E7FF00088AF
(1789379634.647843) can0 706#27000860012008A4
(1789379634.648097) can0 706#280800017ED1F000
(1789379634.648333) can0 706#29640215887EDCF0
(1789379634.648581) can0 706#2A007ED6F0002EEF
(1789379634.648816) can0 706#2B28EF4F041FCE4F
(1789379634.649295) can0 706#2CFC287F297F1985
(1789379634.649546) can0 706#2D2A7F1A862E7FF0
(1789379634.649890) can0 706#2E0088AF00106003
(1789379634.650027) can0 706#2F200890840010A0
(1789379634.650502) can0 706#2008000190840008
(1789379634.650770) can0 706#21A0080002A40800
(1789379634.651009) can0 706#22037EC0F0006404
(1789379634.651502) can0 706#2315887ECBF00014
(1789379634.651760) can0 706#2489158A7ED0F000
(1789379634.651972) can0 706#257EC3F0002EEF2A
(1789379634.652215) can0 706#26EF29EF28EF4F04
(1789379634.652459) can0 706#271FCE4FFC287F29
(1789379634.652755) can0 706#287F19852A7F1A86
(1789379634.653177) can0 706#292E7FF00088AF00
(1789379634.653434) can0 706#2A10600220089084
(1789379634.653670) can0 706#2B0010A008000190
(1789379634.654161) can0 706#2C840008A0080002
(1789379634.654413) can0 706#2DA40800037EACF0
(1789379634.654662) can0 706#2E00640415887EB7
(1789379634.655132) can0 706#2FF0001489158A7E
(1789379634.660007) can0 706#20B5F0007EAFF000
(1789379634.660758) can0 706#212EEF2AEF29EF28
(1789379634.660978) can0 706#22EF4F041FCE4FFC
(1789379634.666077) can0 706#23287F2E7FF00088
(1789379634.666330) can0 706#24AF000860D82008
(1789379634.666564) can0 706#2590840010A00800
(1789379634.666815) can0 706#260190840008A008
(1789379634.667068) can0 706#270002A40800037E
(1789379634.667307) can0 706#289AF00064041588
(1789379634.667561) can0 706#297EA5F0007E9FF0
(1789379634.667796) can0 706#2A002EEF28EF4F04
(1789379634.668508) can0 706#2B1FCE2E7F7E94E5
(1789379634.668758) can0 706#2C82125A64017E9F
(1789379634.669242) can0 706#2D7E99F0002EEF1F
(1789379634.669482) can0 706#2ECE2E7F7E8FE582
(1789379634.669763) can0 706#2F125B64017E9A7E
(1789379634.669965) can0 706#2094F0002EEF1FCE
(1789379634.670758) can0 706#21E1821334600021
(1789379634.670938) can0 706#22C1B0810008E182
(1789379634.671419) can0 706#23133821C1F000B0
(1789379634.671666) can0 706#24810005E182133C
(1789379634.671912) can0 706#2521C1F000B09100
(1789379634.672160) can0 706#26026001F0005058
(1789379634.672411) can0 706#2750181FCEF000E1
(1789379634.672890) can0 706#28821334E0821338
(1789379634.673366) can0 706#29244125401FCEF0
(1789379634.673607) can0 706#2A002E7F7EEB6000
(1789379634.674338) can0 706#2B2EEF1FCEF00060
(1789379634.674594) can0 706#2C021FCE287F297F
(1789379634.674828) can0 706#2D2A7F2E7FE98213
(1789379634.675080) can0 706#2E40AAC90004805A
(1789379634.686056) can0 706#2F01007D017F029A
(1789379634.686325) can0 706#20F00100158A24C9
(1789379634.686591) can0 706#2188A9000826C87E
(1789379634.686839) can0 706#22A220C900AA81A9
(1789379634.687097) can0 706#230004204920C100
(1789379634.687352) can0 706#242A204120C800AA
(1789379634.687628) can0 706#25204821C1B09100
(1789379634.687888) can0 706#26056600640EE182
(1789379634.688128) can0 706#27133C65052641FE
(1789379634.688395) can0 706#280003BA2EEF2AEF
(1789379634.688653) can0 706#2929EF28EF1FCEF0
(1789379634.688923) can0 706#2A00287F1886297F
(1789379634.689396) can0 706#2B19852A7F2B7F1B
(1789379634.689674) can0 706#2C842E7FEA821340
(1789379634.689930) can0 706#2D7ECFF000B08000
(1789379634.690894) can0 706#2E07284AF000E182
(1789379634.691624) can0 706#2F0284E082133CA9
(1789379634.691893) can0 706#204A0004AB4A0008
(1789379634.692133) can0 706#2121407F04640E65
(1789379634.692396) can0 706#22056601F000FE00
(1789379634.692662) can0 706#2303A72EEF2BEF2A
(1789379634.693395) can0 706#24EF29EF28EF1FCE
(1789379634.693661) can0 706#25287F297F2A7F2E
(1789379634.694369) can0 706#267F91F00100E982
(1789379634.694633) can0 706#27134020C9505850
(1789379634.694909) can0 706#28180120AAC90004
(1789379634.695157) can0 706#290A517D027F02F0
(1789379634.699552) can0 706#2A001A81F000FEFF
(1789379634.699818) can0 706#2BFF5C158A24C988
(1789379634.700075) can0 706#2CA9000826C87E87
(1789379634.700793) can0 706#2D20C900AA2049F0
(1789379634.701055) can0 706#2E0080A9000421C0
(1789379634.704449) can0 706#2F012A214020C800
(1789379634.704764) can0 706#20AA2048E1820394
(1789379634.704979) can0 706#21E082133C21402E
(1789379634.707163) can0 706#22EF2AEF29EF28EF
(1789379634.707427) can0 706#231FCE2E7FF000FE
(1789379634.707756) can0 706#24FFFF5107F07C0C
(1789379634.707967) can0 706#25E082134420C0F0
(1789379634.708227) can0 706#2600B09000066600
(1789379634.708489) can0 706#27640EE182133C65
(1789379634.708762) can0 706#28062641FE000381
(1789379634.709761) can0 706#297F04F000E18203
(1789379634.709970) can0 706#2A30E082133C2140
(1789379634.710442) can0 706#2BF0002EEF1FCE28
(1789379634.710756) can0 706#2C7F1886297F1985
(1789379634.710976) can0 706#2D2A7F2B7F1B842E
(1789379634.711456) can0 706#2E7FEA8213407E94
(1789379634.711760) can0 706#2FF000B080000728
(1789379634.711993) can0 706#204AF000E1820330
(1789379634.712248) can0 706#21E082133CA94A00
(1789379634.712512) can0 706#2204AB4A00082140
(1789379634.712791) can0 706#237F04640E650666
(1789379634.713266) can0 706#2401F000FE00036C
(1789379634.713518) can0 706#252EEF2BEF2AEF29
(1789379634.713787) can0 706#26EF28EF1FCE287F
(1789379634.714266) can0 706#272E7FFEFFFF2F88
(1789379634.714532) can0 706#28C000FF80C0001C
(1789379634.714805) can0 706#29B0800004FEFFFF
(1789379634.715064) can0 706#2A2684C800E3FEFF
(1789379634.725055) can0 706#2BFF33FEFFFF23FE
(1789379634.725797) can0 706#2CFFFF73E1821344
(1789379634.726074) can0 706#2D60002041E18204
(1789379634.726325) can0 706#2E98E082133C2140
(1789379634.726584) can0 706#2F2EEF28EF1FCE28
(1789379634.726848) can0 706#207F2E7FFEFFFF1A
(1789379634.727105) can0 706#21E882134024C8F0
(1789379634.727350) can0 706#2200FEFFFF5920C8
(1789379634.727636) can0 706#23F000E201000000
(1789379634.727884) can0 706#24A22048E0821344
(1789379634.728361) can0 706#2521C001222140F0
(1789379634.728633) can0 706#2600E1820498E082
(1789379634.729105) can0 706#27133C21402EEF28
(1789379634.729368) can0 706#28EF1FCE2E7FF000
(1789379634.729650) can0 706#29FEFFFF1007F07C
(1789379634.729902) can0 706#2A0CE082134420C0
(1789379634.730160) can0 706#2BF000B090000666
(1789379634.731117) can0 706#2C00640EE182133C
(1789379634.731596) can0 706#2D65062641FE0003
(1789379634.731861) can0 706#2E407F04F000E182
(1789379634.732105) can0 706#2F045CE082133C21
(1789379634.732372) can0 706#2040F0002EEF1FCE
(1789379634.732854) can0 706#21287F1885297F2A
(1789379634.733333) can0 706#227F1A842E7FE982
(1789379634.733602) can0 706#231340FEFFFF54B0
(1789379634.733868) can0 706#248000131088F000
(1789379634.746013) can0 706#25E1010000013158
(1789379634.746280) can0 706#265000C12049E001
(1789379634.746552) can0 706#2700000030581008
(1789379634.746826) can0 706#28AA08C0A8490004
(1789379634.747083) can0 706#2920C9F000B09000
(1789379634.747340) can0 706#2A06E0200000A1C9
(1789379634.747618) can0 706#2B0004B1100003E1
(1789379634.747884) can0 706#2C82041C7F02F000
(1789379634.748128) can0 706#2DE182045CE08213
(1789379634.748389) can0 706#2E3C21407F04640E
(1789379634.748663) can0 706#2F65076601F000FE
(1789379634.748920) can0 706#200003202EEF2AEF
(1789379634.749395) can0 706#2129EF28EF1FCEF0
(1789379634.749662) can0 706#22002E7F640E6502
(1789379634.749925) can0 706#236612FE00031A2E
(1789379634.750669) can0 706#24EF1FCE2E7FF000
(1789379634.750931) can0 706#25E082133C20C0F0
(1789379634.751664) can0 706#2600B0800003E082
(1789379634.751926) can0 706#27133C20C01EC02E
(1789379634.752170) can0 706#28EF1FCEE080070C
(1789379634.752444) can0 706#29A6600000A57000
(1789379634.752758) can0 706#2A0060001FCE6000
(1789379634.753189) can0 706#2B7F0D95C0000311
(1789379634.753458) can0 706#2C85F000E282125C
(1789379634.753753) can0 706#2D01A221C104517C
(1789379634.754427) can0 706#2E06E182125C05A1
(1789379634.754753) can0 706#2FF000A1C5000401
(1789379634.755177) can0 706#20547C021FCEF000
(1789379634.764431) can0 706#21400150585018F0
(1789379634.764752) can0 706#2200805000147CF3
(1789379634.764956) can0 706#2360141FCEF00091
(1789379634.766913) can0 706#24F05050E082125C
(1789379634.767153) can0 706#2520C021201FCEF0
(1789379634.767414) can0 706#2600E08001E5A760
(1789379634.767752) can0 706#270000E08003E021
(1789379634.768203) can0 706#28C0F000E08003E0
(1789379634.768469) can0 706#2920C00021805000
(1789379634.768757) can0 706#2A647CFDF000E080
(1789379634.769008) can0 706#2B01E5A7700000E0
(1789379634.769498) can0 706#2C8001E0209003F0
(1789379634.769758) can0 706#2D7DFE1FCE1084F0
(1789379634.770020) can0 706#2E0081C000FF8041
(1789379634.770508) can0 706#2F00147C0260157F
(1789379634.770787) can0 706#2015F00050585018
(1789379634.771043) can0 706#215043F000E18212
(1789379634.771515) can0 706#225C00A121C0A2C0
(1789379634.771795) can0 706#23000460FE02C090
(1789379634.772062) can0 706#24F020202021F000
(1789379634.772323) can0 706#25E000D0D02022F0
(1789379634.772598) can0 706#2600E08003E021C0
(1789379634.772846) can0 706#27F000E082134C21
(1789379634.773336) can0 706#2840F000E08003E0
(1789379634.773618) can0 706#2920C0F000E18213
(1789379634.774084) can0 706#2A4C21C100218050
(1789379634.774354) can0 706#2B000A7CFB60011F
(1789379634.774624) can0 706#2CCEF000287F2E7F
(1789379634.774877) can0 706#2DE88001E1209850
(1789379634.775134) can0 706#2E07B090000AE080
(1789379634.779526) can0 706#2F03E021C0F000E0
(1789379634.779807) can0 706#2082134C20C00120
(1789379634.780060) can0 706#21E001312D504A01
(1789379634.786134) can0 706#22507C027ECF6010
(1789379634.786386) can0 706#237F0860017F0720
(1789379634.786654) can0 706#249802F07C032098
(1789379634.786930) can0 706#2503F07C0260007F
(1789379634.787186) can0 706#26037EC4F0006013
(1789379634.787461) can0 706#27F0002EEF28EF1F
(1789379634.787751) can0 706#28CEF000287F2E7F
(1789379634.787998) can0 706#2980C400FF804000
(1789379634.788458) can0 706#2A147C0260017F25
(1789379634.788751) can0 706#2BF00054585418E0
(1789379634.789205) can0 706#2C82125C544304A0
(1789379634.789474) can0 706#2DA2C4000460FE02
(1789379634.789751) can0 706#2EC0E08001E32090
(1789379634.790006) can0 706#2F03F021C47D16E0
(1789379634.790750) can0 706#2000D0D02021F000
(1789379634.791464) can0 706#21E08003E028C060
(1789379634.791751) can0 706#22007F06F000E180
(1789379634.792001) can0 706#2303E021C1012880
(1789379634.792283) can0 706#245100647C027EAF
(1789379634.792545) can0 706#256001F000E18001
(1789379634.793521) can0 706#26E121915107B091
(1789379634.793792) can0 706#270002B080FFF8B0
(1789379634.794259) can0 706#2890000EE08001E5
(1789379634.794528) can0 706#292090505B501FF0
(1789379634.794800) can0 706#2A00805000011091
(1789379634.795058) can0 706#2B505850187F0890
(1789379634.805042) can0 706#2CF07171202122B2
(1789379634.806264) can0 706#2D82C2004042C0F0
(1789379634.806532) can0 706#2E00805200010010
(1789379634.806800) can0 706#2F4001505850182E
(1789379634.807069) can0 706#20EF28EF1FCEF000
(1789379634.807327) can0 706#21E100FFFF212420
(1789379634.807597) can0 706#22B41FCEF0001084
(1789379634.807863) can0 706#231380E103FFFF00
(1789379634.808103) can0 706#24517D05E1020000
(1789379634.808371) can0 706#2500517C0392F006
(1789379634.808629) can0 706#26407F02F00092F0
(1789379634.809340) can0 706#271F40E182135022
(1789379634.809617) can0 706#2841F000E10FFFFF
(1789379634.809892) can0 706#2901507C03505DF0
(1789379634.810145) can0 706#2A00B08000026015
(1789379634.810861) can0 706#2B7F1490F0434320
(1789379634.811598) can0 706#2C2320B52023F000
(1789379634.811860) can0 706#2DA0B50002A02300
(1789379634.812100) can0 706#2E02A0B50004A023
(1789379634.812368) can0 706#2F0004A0B50006A0
(1789379634.812634) can0 706#20230006E08003E0
(1789379634.812902) can0 706#2125C0F000E08213
(1789379634.813374) can0 706#224C2540F000E080
(1789379634.813658) can0 706#2303E020C0F000E5
(1789379634.814355) can0 706#2482134C25C50025
(1789379634.814627) can0 706#258050000A7CFB60
(1789379634.814891) can0 706#26011FCEF000287F
(1789379634.815148) can0 706#272E7FE88001E120
(1789379634.819998) can0 706#28985007B090000B
(1789379634.820754) can0 706#29E08003E0610A22
(1789379634.820988) can0 706#2AC0E082134C20C0
(1789379634.824370) can0 706#2B0220E082135020
(1789379634.824639) can0 706#2CC0106102507C03
(1789379634.824915) can0 706#2DFEFFFF6860107F
(1789379634.825161) can0 706#2E0860017F072098
(1789379634.826872) can0 706#2F02F07C03209803
(1789379634.827131) can0 706#20F07C0260007F03
(1789379634.827404) can0 706#21FEFFFF5D6013F0
(1789379634.827659) can0 706#22002EEF28EF1FCE
(1789379634.827925) can0 706#23F0001084F00081
(1789379634.828187) can0 706#24C000FF80410014
(1789379634.828467) can0 706#257C0260157F12F0
(1789379634.828749) can0 706#260050585018E182
(1789379634.829207) can0 706#27125C504300A1A1
(1789379634.829485) can0 706#28C0000460FE01C0
(1789379634.829749) can0 706#29E000D0D02021F0
(1789379634.830007) can0 706#2A00E08003E021C0
(1789379634.830753) can0 706#2BF000E082134C21
(1789379634.831020) can0 706#2C40F000E08003E0
(1789379634.831504) can0 706#2D20C0F000E18213
(1789379634.831773) can0 706#2E4C21C100218050
(1789379634.832027) can0 706#2F000A7CFB60011F
(1789379634.832308) can0 706#20CEF000287F2E7F
(1789379634.832581) can0 706#21E88001E1209850
(1789379634.832831) can0 706#2207B090000AE080
(1789379634.833322) can0 706#2303E020C0F000E1
(1789379634.833589) can0 706#2482134C21C10021
(1789379634.833848) can0 706#25805017707C03F0
(1789379634.835040) can0 706#2600FEFFFF3C6010
(1789379634.845778) can0 706#277F0860017F0720
(1789379634.846032) can0 706#289802F07C032098
(1789379634.846310) can0 706#2903F07C0260007F
(1789379634.846584) can0 706#2A03FEFFFF316013
(1789379634.846840) can0 706#2BF0002EEF28EF1F
(1789379634.847091) can0 706#2CCEF000E08001E3
(1789379634.847353) can0 706#2DA7700000A76000
(1789379634.847625) can0 706#2E001FCEF000E080
(1789379634.847890) can0 706#2F01E3A77000001F
(1789379634.848153) can0 706#20CEF0004FFCF000
(1789379634.848626) can0 706#21E08007082090F0
(1789379634.848890) can0 706#2200E28001E200F0
(1789379634.849371) can0 706#237C0FE08001E020
(1789379634.849643) can0 706#249007F07D0CF000
(1789379634.849913) can0 706#25E08003E0A37200
(1789379634.850159) can0 706#2600A362000020C0
(1789379634.850884) can0 706#27204FE08003E020
(1789379634.851371) can0 706#28C021CF0021F000
(1789379634.851656) can0 706#29805000147CFC20
(1789379634.851920) can0 706#2A9203F07D056101
(1789379634.852174) can0 706#2B7F026100F000E0
(1789379634.852450) can0 706#2C82136C2100F000
(1789379634.853170) can0 706#2DE082136C20904F
(1789379634.853445) can0 706#2E041FCEF0004FF8
(1789379634.853748) can0 706#2F2E7FE082125C24
(1789379634.854177) can0 706#20C0F000FEFFFF75
(1789379634.854451) can0 706#21E08001E2E18213
(1789379634.854747) can0 706#226CA37000006000
(1789379634.854992) can0 706#232001A00F00087F
(1789379634.864482) can0 706#2406F000A09F0008
(1789379634.864746) can0 706#25A00F0004A09F00
(1789379634.865006) can0 706#26044001F000A00F
(1789379634.865988) can0 706#270008A09F000880
(1789379634.866470) can0 706#284000FF7CF92EEF
(1789379634.866746) can0 706#294F081FCE4FF8F0
(1789379634.866991) can0 706#2A00E08213646200
(1789379634.867257) can0 706#2B2240E1800706A3
(1789379634.867526) can0 706#2C610000A20F0004
(1789379634.867796) can0 706#2D7F05F000A09F00
(1789379634.868282) can0 706#2E04200F209F4001
(1789379634.868550) can0 706#2FF000A00F0004A0
(1789379634.868825) can0 706#209F0004804000FF
(1789379634.869312) can0 706#217CFAF000E08001
(1789379634.869579) can0 706#22E0209007F07C02
(1789379634.869846) can0 706#2360017F04F000B0
(1789379634.870104) can0 706#2494000260007F02
(1789379634.870828) can0 706#256011F0004F081F
(1789379634.871085) can0 706#26CE4FF8287F297F
(1789379634.871812) can0 706#2719842E7FF000E8
(1789379634.872085) can0 706#288007067F02F000
(1789379634.872329) can0 706#29FE000166E08213
(1789379634.872605) can0 706#2A6420C0F000B090
(1789379634.872865) can0 706#2BFFFDE082136C20
(1789379634.873342) can0 706#2C90F000B0800002
(1789379634.873624) can0 706#2D7ECBF0006000F0
(1789379634.874330) can0 706#2E00A3780000A00F
(1789379634.874611) can0 706#2F00107F06F000A0
(1789379634.874875) can0 706#209F0010A00F000C
(1789379634.875128) can0 706#21A09F000C4001F0
(1789379634.883888) can0 706#2200A00F0010A09F
(1789379634.884604) can0 706#230010804000FF7C
(1789379634.884876) can0 706#24F9F000B0990002
(1789379634.885128) can0 706#2560007F026011F0
(1789379634.887071) can0 706#26002EEF29EF28EF
(1789379634.887333) can0 706#274F081FCEF00060
(1789379634.887604) can0 706#28021FCE4FF8287F
(1789379634.887868) can0 706#29297F2E7F690060
(1789379634.888115) can0 706#2A01E8821354A1C8
(1789379634.888375) can0 706#2B000CB1100006FE
(1789379634.888645) can0 706#2CFFFF4F19806101
(1789379634.888911) can0 706#2DB00100036000F0
(1789379634.889634) can0 706#2E00A048000CB099
(1789379634.889897) can0 706#2F0021A0C8000CB0
(1789379634.890147) can0 706#2090001FA1C80008
(1789379634.890622) can0 706#21B081001D22C814
(1789379634.890888) can0 706#228260F8F0008051
(1789379634.891610) can0 706#23000804C07C12B2
(1789379634.891882) can0 706#2414001162007F07
(1789379634.892135) can0 706#25A0C8000400A221
(1789379634.892408) can0 706#269080AF000C00A2
(1789379634.892657) can0 706#2742015258521821
(1789379634.893420) can0 706#2800F00080520008
(1789379634.893744) can0 706#297CF9F00080A800
(1789379634.894168) can0 706#2A0821C041F82140
(1789379634.894446) can0 706#2B20C84008204880
(1789379634.894744) can0 706#2CA8000421C04108
(1789379634.894985) can0 706#2D2140F0006001F0
(1789379634.899362) can0 706#2E0085AF000CA048
(1789379634.899635) can0 706#2F000CFEFFFF0A19
(1789379634.899898) can0 706#20806101B0010002
(1789379634.900150) can0 706#21FEFFFE9910892E
(1789379634.900851) can0 706#22EF29EF28EF4F08
(1789379634.901100) can0 706#231FCE287F188629
(1789379634.905955) can0 706#247F2A7F1A852B7F
(1789379634.906211) can0 706#252C7F1C842E7F6B
(1789379634.906475) can0 706#2600E9821354A0C9
(1789379634.906750) can0 706#270010B090001BE0
(1789379634.907012) can0 706#2882136C2090F000
(1789379634.907283) can0 706#29B0900004FEFFFF
(1789379634.907538) can0 706#2A64B09000026B02
(1789379634.907806) can0 706#2BF000B09B001580
(1789379634.908084) can0 706#2CC80007B0800002
(1789379634.908565) can0 706#2D6B157F1280CA00
(1789379634.909288) can0 706#2E07B0900002B09A
(1789379634.909549) can0 706#2F00026B147F0E60
(1789379634.909939) can0 706#20002849AA490008
(1789379634.910076) can0 706#21AC490004A04900
(1789379634.910913) can0 706#220C6006F000A049
(1789379634.911073) can0 706#230014E0820AB8A0
(1789379634.911549) can0 706#244900107EB3F000
(1789379634.911821) can0 706#251B806101B01100
(1789379634.912075) can0 706#26036B007F026B01
(1789379634.912339) can0 706#27F000B08B000464
(1789379634.912830) can0 706#28086506168BF000
(1789379634.913316) can0 706#29FE0001642EEF2C
(1789379634.913578) can0 706#2AEF2BEF2AEF29EF
(1789379634.913831) can0 706#2B28EF1FCEF00028
(1789379634.914578) can0 706#2C7F297F2E7F6800
(1789379634.914831) can0 706#2D6001F000E98213
(1789379634.915081) can0 706#2E54A1C90004B110
(1789379634.926313) can0 706#2F000BFEFFFE8F18
(1789379634.926579) can0 706#20806101B0010008
(1789379634.926842) can0 706#21A0990002B08000
(1789379634.927095) can0 706#2204FEFFFF366000
(1789379634.927357) can0 706#23F000A009000260
(1789379634.927629) can0 706#2400F000A0490004
(1789379634.927896) can0 706#25B0980013A0C900
(1789379634.928137) can0 706#2604B09000112099
(1789379634.928418) can0 706#27F000A199000101
(1789379634.928743) can0 706#28407C0E2499F000
(1789379634.929165) can0 706#29FEFFFE93B08000
(1789379634.929447) can0 706#2A046001F000A009
(1789379634.929742) can0 706#2B0002FEFFFF2224
(1789379634.929982) can0 706#2C99F000FEFFFE5E
(1789379634.930945) can0 706#2D18806101B01100
(1789379634.931743) can0 706#2E04209940012009
(1789379634.931946) can0 706#2F6001A049000410
(1789379634.932200) can0 706#20882EEF29EF28EF
(1789379634.932472) can0 706#211FCEF000287F18
(1789379634.932742) can0 706#2285297F19842A7F
(1789379634.933207) can0 706#232B7F2C7F2E7F2D
(1789379634.933479) can0 706#247F14886C00F000
(1789379634.933748) can0 706#25EB821354FEFFFE
(1789379634.934928) can0 706#262D148904A844FF
(1789379634.939581) can0 706#27F0008AC000FFFE
(1789379634.939842) can0 706#28FFFE298DC000FF
(1789379634.940087) can0 706#29A0CB0010B09000
(1789379634.940803) can0 706#2A22805A00147D1F
(1789379634.941070) can0 706#2BF000805D00147D
(1789379634.944952) can0 706#2C1DF00090CA0003
(1789379634.946741) can0 706#2DE182125C00A120
(1789379634.946925) can0 706#2EC0B810001908A9
(1789379634.947193) can0 706#2FF00090CD0003E1
(1789379634.947465) can0 706#2082125C00A148FF
(1789379634.947741) can0 706#21A0C00004B81000
(1789379634.948006) can0 706#2213E082136C2090
(1789379634.948278) can0 706#23F000B0900004FE
(1789379634.948547) can0 706#24FFFEFEB0900002
(1789379634.948809) can0 706#256C02F000B09C00
(1789379634.949296) can0 706#260E60002A0BAD0B
(1789379634.949569) can0 706#270001A04B000460
(1789379634.949835) can0 706#2807F000A04B0014
(1789379634.950090) can0 706#29E0820C20A04B00
(1789379634.950569) can0 706#2A107EAFF0001C80
(1789379634.950835) can0 706#2B6101B01100046C
(1789379634.951086) can0 706#2C007F036C157F02
(1789379634.951582) can0 706#2D6C01F000B08C00
(1789379634.951835) can0 706#2E0464086507168C
(1789379634.952087) can0 706#2FF000FE0001052D
(1789379634.952346) can0 706#20EF2EEF2CEF2BEF
(1789379634.952606) can0 706#212AEF29EF28EF1F
(1789379634.952872) can0 706#22CE287F2E7F6000
(1789379634.953347) can0 706#236101E8821354A2
(1789379634.953619) can0 706#24C80004B2110006
(1789379634.954106) can0 706#25FEFFFEC46101F0
(1789379634.954366) can0 706#2600B00100036100
(1789379634.954638) can0 706#27F000A1480004B0
(1789379634.955124) can0 706#2890000CA1C80004
(1789379634.965816) can0 706#29B091000A2298F0
(1789379634.966078) can0 706#2A00A19800010142
(1789379634.966565) can0 706#2B7C072498F000FE
(1789379634.966824) can0 706#2CFFFEA16101F000
(1789379634.967080) can0 706#2DB0110003219841
(1789379634.967334) can0 706#2E012108F0002EEF
(1789379634.967599) can0 706#2F28EF1FCEF00028
(1789379634.967866) can0 706#207F297F2A7F2E7F
(1789379634.968581) can0 706#216A00F000E88213
(1789379634.968846) can0 706#2254A0C80010B090
(1789379634.969321) can0 706#23001AFEFFFDDD89
(1789379634.969599) can0 706#24C000FF80500014
(1789379634.969853) can0 706#257D15F000E08213
(1789379634.970106) can0 706#266C2090F000B090
(1789379634.970822) can0 706#270004FEFFFEC0B0
(1789379634.971074) can0 706#289000026A02F000
(1789379634.971569) can0 706#29B09A001084C900
(1789379634.971828) can0 706#2AFFFEFFFE881A80
(1789379634.972081) can0 706#2B6101B011000C59
(1789379634.972348) can0 706#2C58600159182908
(1789379634.972840) can0 706#2DA9080001A04800
(1789379634.973319) can0 706#2E046002F000A048
(1789379634.973587) can0 706#2F0014E0820D9CA0
(1789379634.974085) can0 706#204800106A007F03
(1789379634.974336) can0 706#216A157F026A01F0
(1789379634.974606) can0 706#2200B08A00046408
(1789379634.974879) can0 706#236502168AF000FE
(1789379634.975124) can0 706#240000C52EEF2AEF
(1789379634.984622) can0 706#2529EF28EF1FCEF0
(1789379634.984864) can0 706#26004FFC287F2E7F
(1789379634.985132) can0 706#27F000E082136C20
(1789379634.986085) can0 706#2890F000E8821354
(1789379634.986357) can0 706#29B080002C7F28F0
(1789379634.986629) can0 706#2A0060FE24C804C0
(1789379634.986899) can0 706#2BF000FEFFFE2EA0
(1789379634.987155) can0 706#2C2F000820C807F0
(1789379634.987424) can0 706#2D7D0CF00080A800
(1789379634.987744) can0 706#2E0421C0F00082A1
(1789379634.987956) can0 706#2F00012240F000A0
(1789379634.988228) can0 706#209F00092001F000
(1789379634.988489) can0 706#2180A8000821C041
(1789379634.988770) can0 706#22FF214020C84001
(1789379634.989247) can0 706#2320487F17F00081
(1789379634.989523) can0 706#24A8000420C1F000
(1789379634.989788) can0 706#2582A000012241F0
(1789379634.990056) can0 706#2600A19F00082100
(1789379634.990801) can0 706#27F00081A8000820
(1789379634.991067) can0 706#28C140FF204120C8
(1789379634.992019) can0 706#294001204821C1F0
(1789379634.992284) can0 706#2A00B081000B80A8
(1789379634.992562) can0 706#2B000421C0F00082
(1789379634.992817) can0 706#2CA100012240F000
(1789379634.993562) can0 706#2DA09F00092001F0
(1789379634.993826) can0 706#2E0080A8000821C0
(1789379634.994540) can0 706#2F41FF214020C840
(1789379634.994817) can0 706#20012048A0C80008
(1789379634.995072) can0 706#21B090FFD87F0BF0
(1789379635.000931) can0 706#2200620020C87F07
(1789379635.003856) can0 706#23F00083A8000424
(1789379635.004344) can0 706#24C3F00081A40001
(1789379635.004610) can0 706#2521432190400142
(1789379635.004863) can0 706#26012104F000A1C8
(1789379635.005120) can0 706#27000802517CF960
(1789379635.007066) can0 706#28002EEF28EF4F04
(1789379635.007328) can0 706#291FCEF000287F2E
(1789379635.007596) can0 706#2A7F118601A541FF
(1789379635.007869) can0 706#2BF000E00FFFFFE8
(1789379635.008117) can0 706#2C82135400517C0A
(1789379635.008382) can0 706#2DA0C80010B09000
(1789379635.008654) can0 706#2E07A4480004A548
(1789379635.009365) can0 706#2F00082648F000E0
(1789379635.009640) can0 706#20820E98A0480010
(1789379635.009904) can0 706#2166007F0366017F
(1789379635.010395) can0 706#22026615F000B086
(1789379635.010744) can0 706#23000364086506FE
(1789379635.010923) can0 706#240000712EEF28EF
(1789379635.011412) can0 706#251FCEF000287F2E
(1789379635.011738) can0 706#267FE8821354A0C8
(1789379635.011938) can0 706#270010B080000AA0
(1789379635.012198) can0 706#28C800101EC0F000
(1789379635.012472) can0 706#2961000000000000
(1789379635.014101) can0 70E#0276010000000000
(1789379635.015123) can0 706#1335360201F000B0
(1789379635.020012) can0 70E#3000000000000000
(1789379635.025011) can0 706#2101000661006408
(1789379635.025759) can0 706#221680F000A14800
(1789379635.025993) can0 706#2310A5C80014FE00
(1789379635.026229) can0 706#2400622EEF28EF1F
(1789379635.026501) can0 706#25CEF000287F1884
(1789379635.026765) can0 706#262E7F1488FEFFFC
(1789379635.026995) can0 706#2793B09000031488
(1789379635.027250) can0 706#28F000FEFFFE6B2E
(1789379635.027480) can0 706#29EF28EF1FCEF000
(1789379635.027741) can0 706#2A287F18842E7F14
(1789379635.027968) can0 706#2B88FEFFFE7CB090
(1789379635.028233) can0 706#2C00031488F000FE
(1789379635.028741) can0 706#2DFFFD492EEF28EF
(1789379635.029172) can0 706#2E1FCEF0002E7FF0
(1789379635.029457) can0 706#2F00FEFFFE942EEF
(1789379635.029736) can0 706#201FCE2E7FF000E0
(1789379635.029961) can0 706#2182137020C0F000
(1789379635.030916) can0 706#22B090000BE08213
(1789379635.031406) can0 706#23702740F000E010
(1789379635.031649) can0 706#24000006507D03B0
(1789379635.031919) can0 706#258700097F06F000
(1789379635.032186) can0 706#26E02000000620F0
(1789379635.032459) can0 706#2700FEFFFC927F04
(1789379635.033181) can0 706#28F000B087000364
(1789379635.033447) can0 706#2908650566011EC7
(1789379635.033736) can0 706#2A2EEF1FCE2E7FF0
(1789379635.046599) can0 706#2B00E082137020C0
(1789379635.046865) can0 706#2CF000B090000BE0
(1789379635.047118) can0 706#2D8213702740F000
(1789379635.047390) can0 706#2EE010000006507D
(1789379635.047649) can0 706#2F03FEFFFEA87F08
(1789379635.047930) can0 706#20F000E020000006
(1789379635.048199) can0 706#2120F000FEFFFCBB
(1789379635.048459) can0 706#227F04F000B08700
(1789379635.048735) can0 706#2303640865066601
(1789379635.048989) can0 706#241EC72EEF1FCE11
(1789379635.049472) can0 706#25862E7FE0821370
(1789379635.049736) can0 706#2620C0F000B09000
(1789379635.049995) can0 706#270BE08213702140
(1789379635.050735) can0 706#28F000E010000005
(1789379635.050996) can0 706#29507D03FEFFFEE7
(1789379635.051735) can0 706#2A7F08F000E02000
(1789379635.052003) can0 706#2B000520F000FEFF
(1789379635.052278) can0 706#2CFCEA7F04F000B0
(1789379635.052535) can0 706#2D81000364086507
(1789379635.052797) can0 706#2E66011EC12EEF1F
(1789379635.053278) can0 706#2FCE11852E7FE082
(1789379635.053564) can0 706#20137020C0F000B0
(1789379635.054266) can0 706#2190000BE0821370
(1789379635.054528) can0 706#222140F000E01000
(1789379635.054809) can0 706#230004507D03FEFF
(1789379635.059915) can0 706#24FF267F08F000E0
(1789379635.060648) can0 706#252000000420F000
(1789379635.060920) can0 706#26FEFFFCF67F04F0
(1789379635.064323) can0 706#2700B08100036408
(1789379635.064595) can0 706#28650266011EC12E
(1789379635.064857) can0 706#29EF1FCE2E7FF000
(1789379635.065110) can0 706#2AFEFFFF95FEFFFC
(1789379635.067289) can0 706#2BF22EEF1FCE2E7F
(1789379635.067555) can0 706#2CF000E282137022
(1789379635.067808) can0 706#2DC2F000B0820004
(1789379635.068295) can0 706#2E6000F000E18213
(1789379635.068563) can0 706#2F7020411EC22EEF
(1789379635.068822) can0 706#201FCE2E7FF000E2
(1789379635.069308) can0 706#2182137022C2F000
(1789379635.069569) can0 706#22B08200046000F0
(1789379635.069822) can0 706#2300E18213702041
(1789379635.070074) can0 706#241EC22EEF1FCE1F
(1789379635.070562) can0 706#25CEF0002E7FF000
(1789379635.070815) can0 706#26A5C4000424C4F0
(1789379635.071075) can0 706#2700FEFFFC1E2EEF
(1789379635.071569) can0 706#281FCED1C0008281
(1789379635.071822) can0 706#29E11330D2C00000
(1789379635.072074) can0 706#2A82E20044B0C200
(1789379635.072340) can0 706#2B056000F0002001
(1789379635.072618) can0 706#2C410142FFF000B0
(1789379635.072871) can0 706#2DD2FFFED1C00082
(1789379635.073347) can0 706#2E81E11330D2C000
(1789379635.073618) can0 706#2F8282E21330D3C0
(1789379635.074106) can0 706#20000083E30000B0
(1789379635.074366) can0 706#21C3000520812002
(1789379635.074647) can0 706#224101420143FFF0
(1789379635.074906) can0 706#2300B0D3FFFD2E7F
(1789379635.080067) can0 706#24F000D0C0008280
(1789379635.085876) can0 706#25E011DC1EC0F000
(1789379635.086121) can0 706#262EEF1FCE0605C7
(1789379635.086399) can0 706#27AB000000000000
(1789379635.086734) can0 706#281FFF0000200000
(1789379635.086950) can0 706#29002FFF00003000
(1789379635.087221) can0 706#2A00003FFF000040
(1789379635.087495) can0 706#2B0000007FFF0000
(1789379635.087776) can0 706#2C80000000FFFF00
(1789379635.088038) can0 706#2D0100000001FFFF
(1789379635.088314) can0 706#2E000200000002FF
(1789379635.088807) can0 706#2FFF000300000003
(1789379635.089289) can0 706#20FFFF0004000000
(1789379635.089568) can0 706#2104FFFF00050000
(1789379635.089839) can0 706#220005FFFF000600
(1789379635.090092) can0 706#23000006FFFF0007
(1789379635.090821) can0 706#2400000007FFFF00
(1789379635.091080) can0 706#250800000008FFFF
(1789379635.091812) can0 706#26000900000009FF
(1789379635.092080) can0 706#27FF000A0000000A
(1789379635.092348) can0 706#28FFFF000B000000
(1789379635.092839) can0 706#290BFFFF000C0000
(1789379635.093582) can0 706#2A000CFFFF000D00
(1789379635.093851) can0 706#2B00000DFFFF000E
(1789379635.094323) can0 706#2C0000000EFFFF00
(1789379635.094606) can0 706#2D0F0000000FFFFF
(1789379635.094857) can0 706#2E5375706572466C
(1789379635.095110) can0 706#2F61736800FF0031
(1789379635.100738) can0 706#201F0A0082102000
(1789379635.100998) can0 706#2182104000821060
(1789379635.104399) can0 706#220082106C008210
(1789379635.104732) can0 706#23B4008210FC0082
(1789379635.104932) can0 706#2411440082118C00
(1789379635.106162) can0 706#258211E000000000
(1789379635.108082) can0 70E#0276020000000000
(1789379635.123946) can0 706#0137000000000000
(1789379635.128090) can0 70E#037F377800000000
(1789379635.204780) can0 70E#0377E5ED00000000
(1789379635.206272) can0 706#1008310103010082
(1789379635.206531) can0 70E#3000000000000000
(1789379635.209495) can0 706#2100000000000000
(1789379635.212069) can0 70E#0571010301100000
(1789379635.348469) can0 7DF#023E800000000000
(1789379635.553911) can0 706#100C3101FF000000
(1789379635.554180) can0 70E#3000000000000000
(1789379635.564827) can0 706#2130000000442800
(1789379635.572048) can0 70E#037F317800000000
(1789379636.355815) can0 70E#057101FF00100000
(1789379637.352515) can0 7DF#023E800000000000
(1789379639.347913) can0 7DF#023E800000000000
(1789379639.424466) can0 706#100B340044000030
(1789379639.424721) can0 70E#3000000000000000
(1789379639.426359) can0 706#2100000044280000
(1789379639.427933) can0 70E#0474200FFF000000
(1789379639.438159) can0 706#1FFF3601426F6F74
(1789379639.438875) can0 70E#3000000000000000
(1789379639.441942) can0 706#214E666F00006C29
(1789379639.442409) can0 706#2216AA5AA555412E
(1789379639.442630) can0 706#23442E432E5F4352
(1789379639.442867) can0 706#2443737400003000
(1789379639.443116) can0 706#2500007427CEDEF1
(1789379639.444999) can0 706#268D435346323635
(1789379639.445236) can0 706#2700005F46535052
(1789379639.445519) can0 706#2830303030000000
(1789379639.445772) can0 706#29FF0C0A05FF0C00
(1789379639.446021) can0 706#2A00041B00FF0000
(1789379639.446487) can0 706#2B306C000B004604
(1789379639.446951) can0 706#2C1B004356345431
(1789379639.447180) can0 706#2D34463339384146
(1789379639.447445) can0 706#2E00000000000000
(1789379639.447689) can0 706#2F00000000000000
(1789379639.447923) can0 706#2000308C0000312C
(1789379639.448405) can0 706#210000312C000074
(1789379639.448641) can0 706#221C000000100000
(1789379639.449126) can0 706#2300000000000000
(1789379639.449373) can0 706#240000000000312C
(1789379639.449613) can0 706#2500001958000100
(1789379639.449874) can0 706#260100000A000000
(1789379639.450110) can0 706#274A840000102000
(1789379639.450350) can0 706#2804240230A01038
(1789379639.450587) can0 706#2900005AA4000006
(1789379639.450836) can0 706#2A800004240230A0
(1789379639.451295) can0 706#2B10580000612400
(1789379639.452267) can0 706#2C00002400042400
(1789379639.452508) can0 706#2D30A01098000061
(1789379639.456546) can0 706#2E48000002000004
(1789379639.456787) can0 706#2F240230A0108800
(1789379639.457032) can0 706#2000634800000230
(1789379639.457332) can0 706#210004250130A010
(1789379639.457505) can0 706#2268000065780000
(1789379639.458448) can0 706#230AD00004240230
(1789379639.463384) can0 706#24A0104800007048
(1789379639.463620) can0 706#250000035C000424
(1789379639.463861) can0 706#260030A010780000
(1789379639.464149) can0 706#2773A40000000800
(1789379639.464372) can0 706#2801000030A01028
(1789379639.464643) can0 706#29000073AC000000
(1789379639.464874) can0 706#2A100001000030A0
(1789379639.465165) can0 706#2B10180000000000
(1789379639.465407) can0 706#2C00342C00000001
(1789379639.465652) can0 706#2D00003448000000
(1789379639.465893) can0 706#2E02416CCCCD3F5F
(1789379639.466350) can0 706#2F66F3418CCCCD3F
(1789379639.466600) can0 706#20DF66F341480000
(1789379639.466843) can0 706#2100000000000000
(1789379639.467104) can0 706#220042C800000000
(1789379639.467322) can0 706#2300003FC6872B3F
(1789379639.468040) can0 706#24C3F7CF3FE66666
(1789379639.468483) can0 706#253F11EB854005E3
(1789379639.468721) can0 706#26540000002C3D7A
(1789379639.469013) can0 706#2735DD3D7A35DD3D
(1789379639.469395) can0 706#287A35DDBD7A35DD
(1789379639.469623) can0 706#29BD7A35DDBD7A35
(1789379639.470102) can0 706#2ADD3CB2B8C20000
(1789379639.470354) can0 706#2B00000000000000
(1789379639.471765) can0 706#2C0000003F64DD2F
(1789379639.472006) can0 706#2D3F0000003FA333
(1789379639.481264) can0 706#2E33000000013F64
(1789379639.481512) can0 706#2FDD2F000000003F
(1789379639.481752) can0 706#20A3333300000001
(1789379639.481997) can0 706#213F64DD2FBF0000
(1789379639.483172) can0 706#22003FA333330000
(1789379639.483418) can0 706#2300013FE28F5C44
(1789379639.483647) can0 706#24009AE14409B148
(1789379639.483883) can0 706#25000000003FE28F
(1789379639.484159) can0 706#265C3EA041890000
(1789379639.484409) can0 706#2700010000342C00
(1789379639.484644) can0 706#28000001000034A0
(1789379639.484886) can0 706#2900000002415800
(1789379639.485125) can0 706#2A003F5F66F3418C
(1789379639.485370) can0 706#2BCCCD3FDF66F341
(1789379639.485606) can0 706#2C48000000000000
(1789379639.486309) can0 706#2D0000000042C800
(1789379639.486556) can0 706#2E00000000003FC6
(1789379639.486807) can0 706#2F872B3FC3F7CF3F
(1789379639.487498) can0 706#20E666663F11EB85
(1789379639.488207) can0 706#214005E354000000
(1789379639.488471) can0 706#222C3D7A35DD3D7A
(1789379639.488668) can0 706#2335DD3D7A35DDBD
(1789379639.488894) can0 706#247A35DDBD7A35DD
(1789379639.489129) can0 706#25BD7A35DD3CB2B8
(1789379639.489445) can0 706#26C2000000000000
(1789379639.489623) can0 706#270000000000003F
(1789379639.489860) can0 706#2864DD2F3F000000
(1789379639.490331) can0 706#293FA33333000000
(1789379639.491498) can0 706#2A013F64DD2F0000
(1789379639.495095) can0 706#2B00003FA3333300
(1789379639.495549) can0 706#2C0000013F64DD2F
(1789379639.495787) can0 706#2DBF0000003FA333
(1789379639.496028) can0 706#2E33000000013FE2
(1789379639.496275) can0 706#2F8F5C44009AE144
(1789379639.496540) can0 706#2009B14800000000
(1789379639.497252) can0 706#213FE28F5C3EA041
(1789379639.497483) can0 706#2289000000020000
(1789379639.501017) can0 706#23342C0000000100
(1789379639.501255) can0 706#240034F800000002
(1789379639.501500) can0 706#25417CCCCD3F5F66
(1789379639.503146) can0 706#26F3418CCCCD3FDF
(1789379639.503429) can0 706#2766F34148000000
(1789379639.503904) can0 706#2800000000000000
(1789379639.504148) can0 706#2942C80000000000
(1789379639.504425) can0 706#2A003FC916873FCA
(1789379639.504644) can0 706#2B5E353FE666663F
(1789379639.504911) can0 706#2C27AE144005E354
(1789379639.505397) can0 706#2D0000002C3D7A35
(1789379639.505617) can0 706#2EDD3D7A35DD3D7A
(1789379639.505887) can0 706#2F35DDBD7A35DDBD
(1789379639.506121) can0 706#207A35DDBD7A35DD
(1789379639.506350) can0 706#213D1C33E9000000
(1789379639.507067) can0 706#2200000000000000
(1789379639.507542) can0 706#2300003F6E978D3F
(1789379639.507778) can0 706#240000003FA33333
(1789379639.508030) can0 706#25000000013F6E97
(1789379639.508274) can0 706#268D000000003FA3
(1789379639.508504) can0 706#273333000000013F
(1789379639.508779) can0 706#286E978DBF000000
(1789379639.509026) can0 706#293FA33333000000
(1789379639.509270) can0 706#2A013FE8D4FE441C
(1789379639.509728) can0 706#2B5852441EE8F600
(1789379639.511129) can0 706#2C0000003FE8D4FE
(1789379639.516598) can0 706#2D3EA9FBE7000000
(1789379639.516870) can0 706#2E030000342C0000
(1789379639.520894) can0 706#2F00020000355000
(1789379639.521618) can0 706#20000002416B3333
(1789379639.521878) can0 706#213F5F66F3418CCC
(1789379639.522121) can0 706#22CD3FDF66F34148
(1789379639.522397) can0 706#2300000000000000
(1789379639.522665) can0 706#2400000042C80000
(1789379639.522911) can0 706#25000000003FC6E9
(1789379639.523163) can0 706#26793FC7AE143FE6
(1789379639.523402) can0 706#2766663F1BA5E340
(1789379639.523671) can0 706#2805E3540000002C
(1789379639.523909) can0 706#293D7A35DD3D7A35
(1789379639.524165) can0 706#2ADD3D7A35DDBD7A
(1789379639.524481) can0 706#2B35DDBD7A35DDBD
(1789379639.524867) can0 706#2C7A35DD3C858A76
(1789379639.525142) can0 706#2D00000000000000
(1789379639.525449) can0 706#2E00000000003F66
(1789379639.525669) can0 706#2F66663F0000003F
(1789379639.526423) can0 706#20A3333300000001
(1789379639.526844) can0 706#213F666666000000
(1789379639.527106) can0 706#22003FA333330000
(1789379639.527399) can0 706#2300013F666666BF
(1789379639.527824) can0 706#240000003FA33333
(1789379639.528531) can0 706#25000000013FE51E
(1789379639.528779) can0 706#26B8440D20A44418
(1789379639.529248) can0 706#277E14000000003F
(1789379639.530187) can0 706#28E51EB83E9CAC08
(1789379639.530435) can0 706#293EA147AE3E4CCC
(1789379639.536360) can0 706#2ACD3E75C28F3DF5
(1789379639.539414) can0 706#2BC28F3D3851EC3C
(1789379639.540111) can0 706#2C75C28F00000001
(1789379639.540387) can0 706#2D00000000000000
(1789379639.541330) can0 706#2E003B7BA3E34029
(1789379639.541589) can0 706#2F78D544A2C00000
(1789379639.541853) can0 706#20000000446FA0A4
(1789379639.542094) can0 706#21408D1EB8C44BB7
(1789379639.542334) can0 706#22AE446FA0A4408D
(1789379639.542593) can0 706#231EB8C44BB7AE00
(1789379639.542862) can0 706#2400000000000000
(1789379639.543125) can0 706#2500000000446060
(1789379639.543350) can0 706#260043AF6B85C525
(1789379639.544056) can0 706#276E66445DE99A43
(1789379639.544286) can0 706#28ADA8F63F07AE14
(1789379639.544557) can0 706#2900000000000000
(1789379639.544821) can0 706#2A01000000003B7B
(1789379639.545065) can0 706#2BA3E3402978D544
(1789379639.545784) can0 706#2CA2C00000000000
(1789379639.546038) can0 706#2D446FA0A4408D1E
(1789379639.546730) can0 706#2EB8C44BB7AE446F
(1789379639.546993) can0 706#2FA0A4408D1EB8C4
(1789379639.547235) can0 706#204BB7AE00000000
(1789379639.547507) can0 706#2100000000000000
(1789379639.547835) can0 706#22004460600043AF
(1789379639.548010) can0 706#236B85C5256E6644
(1789379639.548259) can0 706#245DE99A43ADA8F6
(1789379639.548723) can0 706#253F07AE14000000
(1789379639.554665) can0 706#2600000000020000
(1789379639.554914) can0 706#2700003B74C6FB40
(1789379639.558672) can0 706#282C083144E76000
(1789379639.559376) can0 706#2900000000448988
(1789379639.559641) can0 706#2A004099999AC442
(1789379639.559868) can0 706#2B91EC4489880040
(1789379639.561517) can0 706#2C99999AC44291EC
(1789379639.561784) can0 706#2D00000000000000
(1789379639.562051) can0 706#2E00000000004464
(1789379639.562303) can0 706#2F70A443CE95C3C5
(1789379639.562563) can0 706#2028230A44659148
(1789379639.562789) can0 706#2143D415C33F10A3
(1789379639.563062) can0 706#22D7000000000000
(1789379639.563407) can0 706#230003000000003B
(1789379639.564010) can0 706#24866613402978D5
(1789379639.564272) can0 706#2544C7A000000000
(1789379639.564538) can0 706#26004484900040E0
(1789379639.564997) can0 706#270000C437433344
(1789379639.565264) can0 706#2884900040E00000
(1789379639.565518) can0 706#29C4374333000000
(1789379639.566000) can0 706#2A00000000000000
(1789379639.566325) can0 706#2B00004460614843
(1789379639.566517) can0 706#2CB07AE1C5256CA4
(1789379639.566764) can0 706#2D445FB8F643AD8B
(1789379639.567028) can0 706#2E853F147AE10000
(1789379639.567297) can0 706#2F00000000000400
(1789379639.567557) can0 706#200000003B878AE4
(1789379639.567813) can0 706#2140326E9844E5C0
(1789379639.569247) can0 706#2200000000004484
(1789379639.569501) can0 706#23900040E00000C4
(1789379639.573299) can0 706#2437433344849000
(1789379639.573542) can0 706#2540E00000C43743
(1789379639.573810) can0 706#2633000000000000
(1789379639.574109) can0 706#2700000000000044
(1789379639.574334) can0 706#2860614843B07AE1
(1789379639.575077) can0 706#29C52E2CCD445FC2
(1789379639.575301) can0 706#2A8F43AD71EC3F10
(1789379639.580265) can0 706#2BE5600000000000
(1789379639.580532) can0 706#2C001F40000000C8
(1789379639.580795) can0 706#2D3DCCCCCD3E8000
(1789379639.581056) can0 706#2E0042A000004220
(1789379639.581304) can0 706#2F00000000000041
(1789379639.581569) can0 706#20F000003F000000
(1789379639.581894) can0 706#213B64C388000000
(1789379639.582110) can0 706#2200000000000000
(1789379639.582379) can0 706#2300000000000000
(1789379639.582648) can0 706#2400000000000000
(1789379639.582921) can0 706#2500000000000000
(1789379639.583846) can0 706#2600000000180000
(1789379639.584112) can0 706#2700280000003C00
(1789379639.584819) can0 706#2800000300000010
(1789379639.585306) can0 706#293F19999A000000
(1789379639.585572) can0 706#2A0F000000010000
(1789379639.585840) can0 706#2B00013E80000000
(1789379639.586303) can0 706#2C00000000000000
(1789379639.586592) can0 706#2D00000000000000
(1789379639.587066) can0 706#2E01000000003F19
(1789379639.587541) can0 706#2F999A0000000F00
(1789379639.588497) can0 706#2000000100000001
(1789379639.588753) can0 706#213E4CCCCD000000
(1789379639.598028) can0 706#2200000000000000
(1789379639.598304) can0 706#2300010000000000
(1789379639.598575) can0 706#2400000000000002
(1789379639.598821) can0 706#2500000005000000
(1789379639.599777) can0 706#2601000000024040
(1789379639.600039) can0 706#2700000000001400
(1789379639.600300) can0 706#2800001400000010
(1789379639.600577) can0 706#2900000010412000
(1789379639.600839) can0 706#2A0042C800003ECC
(1789379639.601098) can0 706#2BCCCD40E0000040
(1789379639.601576) can0 706#2CE0000000000001
(1789379639.601832) can0 706#2D3E99999A3F8CCC
(1789379639.602079) can0 706#2ECD3F19999A3F66
(1789379639.602560) can0 706#2F66660000000100
(1789379639.602837) can0 706#2000000A00000001
(1789379639.603087) can0 706#2100000001000000
(1789379639.603364) can0 706#2200FFFFFFFFFFFF
(1789379639.603630) can0 706#23FFFF0000000000
(1789379639.605063) can0 706#2400000000000000
(1789379639.605336) can0 706#2500000000000069
(1789379639.605586) can0 706#267800003E800000
(1789379639.605846) can0 706#27177000000FA000
(1789379639.606108) can0 706#2800157C00000DAC
(1789379639.606377) can0 706#29000000DC000001
(1789379639.606615) can0 706#2ACC000000460000
(1789379639.607093) can0 706#2B03840000057800
(1789379639.611833) can0 706#2C0008FC00000096
(1789379639.612108) can0 706#2D000001F4000000
(1789379639.612800) can0 706#2E00000000000000
(1789379639.613069) can0 706#2F003C0000005A00
(1789379639.613344) can0 706#2000000000000000
(1789379639.614054) can0 706#210000003C000000
(1789379639.617898) can0 706#22F0000000000000
(1789379639.618117) can0 706#230000000007D000
(1789379639.620044) can0 706#2400003200000000
(1789379639.620303) can0 706#2500000000000007
(1789379639.620564) can0 706#26D0FFFFFFF10000
(1789379639.620842) can0 706#2700000000001E00
(1789379639.621108) can0 706#280000000000003C
(1789379639.621362) can0 706#290000001E000000
(1789379639.621633) can0 706#2A28000000280000
(1789379639.621900) can0 706#2B00500000000000
(1789379639.622383) can0 706#2C00005A0000005A
(1789379639.622659) can0 706#2D00000063000000
(1789379639.622918) can0 706#2E32000000320000
(1789379639.623401) can0 706#2F00640000000000
(1789379639.623737) can0 706#2000089800000046
(1789379639.623934) can0 706#21000003E8000000
(1789379639.624405) can0 706#2264000008980000
(1789379639.624711) can0 706#2307D00000004600
(1789379639.624938) can0 706#240000500000005A
(1789379639.625214) can0 706#2500000064000000
(1789379639.625476) can0 706#2664000000640000
(1789379639.625941) can0 706#27006E0000006E00
(1789379639.626205) can0 706#2800004600000050
(1789379639.626692) can0 706#290000005A000000
(1789379639.627632) can0 706#2A64000000640000
(1789379639.633566) can0 706#2B00640000006E00
(1789379639.637361) can0 706#2C00006E00000064
(1789379639.637621) can0 706#2D0000007D000000
(1789379639.638351) can0 706#2E84000000840000
(1789379639.638612) can0 706#2F00840000008400
(1789379639.638877) can0 706#2000008400000084
(1789379639.639158) can0 706#210000000A000000
(1789379639.639416) can0 706#223C000003203E19
(1789379639.639661) can0 706#23999A3FC0000040
(1789379639.639903) can0 706#24E9999A3F000000
(1789379639.640167) can0 706#253F19999A000000
(1789379639.640441) can0 706#26010000001E4046
(1789379639.640664) can0 706#27666640A0000041
(1789379639.641139) can0 706#28A000003FC66666
(1789379639.641613) can0 706#2941F000003F1999
(1789379639.641883) can0 706#2A9A000000010000
(1789379639.642226) can0 706#2B00023F0000003F
(1789379639.642408) can0 706#2C00000042AA0000
(1789379639.643107) can0 706#2D42C800003F8000
(1789379639.643379) can0 706#2E003F0000003D23
(1789379639.643853) can0 706#2FD70A4050000000
(1789379639.644172) can0 706#200000DC00000004
(1789379639.644590) can0 706#2100000008000000
(1789379639.644863) can0 706#2210000000233356
(1789379639.645327) can0 706#23BF9531ABCC7700
(1789379639.645587) can0 706#2400000034A10FB0
(1789379639.646119) can0 706#253380D95938D1B7
(1789379639.646979) can0 706#2617358637BD2EDB
(1789379639.647429) can0 706#27E6FF283424DC34
(1789379639.652177) can0 706#28A10FB03380D959
(1789379639.652935) can0 706#2938D1B717000000
(1789379639.653159) can0 706#2A00000000000000
(1789379639.656709) can0 706#2B00000000000000
(1789379639.656966) can0 706#2C00000000000000
(1789379639.657204) can0 706#2D3C23D70A3A3780
(1789379639.658149) can0 706#2E3440A000004120
(1789379639.658415) can0 706#2F00004060000040
(1789379639.658668) can0 706#20D0000040266666
(1789379639.658943) can0 706#214000000040A000
(1789379639.659202) can0 706#22003F0000004013
(1789379639.659466) can0 706#233333000000003C
(1789379639.659742) can0 706#2423D70A3A378034
(1789379639.659978) can0 706#253A378034412000
(1789379639.660235) can0 706#26003E99999A4120
(1789379639.660496) can0 706#27000040C0000040
(1789379639.660982) can0 706#2800000000000001
(1789379639.661261) can0 706#2900000032000000
(1789379639.661543) can0 706#2A01000000010000
(1789379639.661796) can0 706#2B003C4000000041
(1789379639.662512) can0 706#2C7000003F666666
(1789379639.662789) can0 706#2D00000000000000
(1789379639.663492) can0 706#2E003F7FBE774270
(1789379639.663750) can0 706#2F0000412000003F
(1789379639.663998) can0 706#207D70A441600000
(1789379639.664255) can0 706#2100000005000000
(1789379639.664960) can0 706#22140000FDE84248
(1789379639.666607) can0 706#23000041F0000000
(1789379639.671148) can0 706#2400006300000063
(1789379639.671414) can0 706#250000000A000000
(1789379639.671668) can0 706#260A0000000A4040
(1789379639.672397) can0 706#2700004040000000
(1789379639.672652) can0 706#2800001400000005
(1789379639.676186) can0 706#2941200000417000
(1789379639.676465) can0 706#2A00404000000000
(1789379639.676726) can0 706#2B00050000007841
(1789379639.678638) can0 706#2CA0000041E00000
(1789379639.678901) can0 706#2D00000960412000
(1789379639.679204) can0 706#2E00000000040000
(1789379639.679441) can0 706#2F00780000002300
(1789379639.679701) can0 706#200000163F19999A
(1789379639.679947) can0 706#213F6666663A0312
(1789379639.680208) can0 706#226F3A03126F0000
(1789379639.680909) can0 706#230001000009C400
(1789379639.681180) can0 706#240000023ECCCCCD
(1789379639.681446) can0 706#2500000001000000
(1789379639.681916) can0 706#2600000000013F99
(1789379639.682171) can0 706#27999A3E6147AE00
(1789379639.682656) can0 706#280000013F800000
(1789379639.682939) can0 706#2900000001000000
(1789379639.683192) can0 706#2A04000000000000
(1789379639.683444) can0 706#2B00C80000000000
(1789379639.683712) can0 706#2C00007D00000001
(1789379639.683970) can0 706#2D000000003F4CCC
(1789379639.684229) can0 706#2ECD3DCCCCCD3E4C
(1789379639.684472) can0 706#2FCCCD3D4CCCCD3D
(1789379639.684937) can0 706#20072B0200000032
(1789379639.685883) can0 706#2100000019000000
(1789379639.686149) can0 706#2232000000000000
(1789379639.690191) can0 706#23000041DE3D7141
(1789379639.690451) can0 706#24C8000041855C29
(1789379639.690736) can0 706#2541F0000040A000
(1789379639.690995) can0 706#260041A0000040A0
(1789379639.691241) can0 706#270000427000003E
(1789379639.691928) can0 706#28B0A3D741855C29
(1789379639.695939) can0 706#29425E3D71444800
(1789379639.696188) can0 706#2A00416A3D713EA3
(1789379639.696908) can0 706#2BD70A40C0000042
(1789379639.697180) can0 706#2C70000041F00000
(1789379639.697445) can0 706#2D41700000000000
(1789379639.697727) can0 706#2E003FC00000453B
(1789379639.697993) can0 706#2F80000000004000
(1789379639.698254) can0 706#2000000100000001
(1789379639.698528) can0 706#21000001F4000000
(1789379639.699001) can0 706#220F000000410000
(1789379639.699273) can0 706#2300400000000500
(1789379639.699534) can0 706#2400001400000007
(1789379639.700014) can0 706#2500000007000000
(1789379639.700325) can0 706#2605000000010000
(1789379639.700619) can0 706#2700010000000000
(1789379639.700833) can0 706#2800000100000000
(1789379639.702018) can0 706#2900000000000000
(1789379639.702294) can0 706#2A01000000000000
(1789379639.702564) can0 706#2B00000000000000
(1789379639.703021) can0 706#2C00001F0000000E
(1789379639.703275) can0 706#2D0000001840E000
(1789379639.703756) can0 706#2E003E99999A3E99
(1789379639.704029) can0 706#2F999A3F8000003F
(1789379639.717047) can0 706#208000003F800000
(1789379639.717305) can0 706#213F8000003F8000
(1789379639.717589) can0 706#22003F8000003F80
(1789379639.717820) can0 706#2300004000000000
(1789379639.718129) can0 706#240000000000017C
(1789379639.718347) can0 706#2540D666663F8000
(1789379639.718638) can0 706#26003F8000003F80
(1789379639.718904) can0 706#2700003F8000003F
(1789379639.719385) can0 706#288000003F800000
(1789379639.719649) can0 706#293FFB98C8404020
(1789379639.719917) can0 706#2AC5000000000000
(1789379639.720177) can0 706#2B00003FC5E3543F
(1789379639.720890) can0 706#2CC9DB233BA0902E
(1789379639.721144) can0 706#2D00000000445800
(1789379639.721859) can0 706#2E0042800000437F
(1789379639.722129) can0 706#2F00000000000044
(1789379639.722375) can0 706#2020000041F00000
(1789379639.722646) can0 706#21437F0000000000
(1789379639.722905) can0 706#220043FA00000000
(1789379639.723436) can0 706#230000437F000000
(1789379639.723859) can0 706#2400000042600000
(1789379639.724127) can0 706#250000000041C800
(1789379639.729337) can0 706#260043C8000040C0
(1789379639.729597) can0 706#27000040C000003D
(1789379639.729847) can0 706#28A3D70A3DA3D70A
(1789379639.730228) can0 706#29404000003DCCCC
(1789379639.730814) can0 706#2ACD412000003F99
(1789379639.734335) can0 706#2B999A4019999A3F
(1789379639.734579) can0 706#2C19999A3E851EB8
(1789379639.734838) can0 706#2D3DA3D70A3F9999
(1789379639.735099) can0 706#2E9ABFC000003F99
(1789379639.736771) can0 706#2F999ABF99999A00
(1789379639.737004) can0 706#200000FA00000800
(1789379639.737280) can0 706#2100000708000007
(1789379639.737593) can0 706#22E4000008340000
(1789379639.737809) can0 706#230960000003E800
(1789379639.738077) can0 706#2400080000000708
(1789379639.738901) can0 706#25000007E4000008
(1789379639.739065) can0 706#263E000009600000
(1789379639.739325) can0 706#27009B0000080000
(1789379639.739591) can0 706#2800082A00000960
(1789379639.739856) can0 706#29000005DC000007
(1789379639.740339) can0 706#2AD03F19999A0000
(1789379639.740583) can0 706#2B0006418800003F
(1789379639.741053) can0 706#2CB9999A00000132
(1789379639.741330) can0 706#2D00000259000000
(1789379639.741589) can0 706#2E75000002DA0000
(1789379639.741831) can0 706#2F02424060000040
(1789379639.742102) can0 706#2060000000000000
(1789379639.742357) can0 706#2143480000434800
(1789379639.742627) can0 706#2200434800003F80
(1789379639.742876) can0 706#2300003ECCCCCD3E
(1789379639.743584) can0 706#24CCCCCD0000000A
(1789379639.744276) can0 706#253D23D70A3D23D7
(1789379639.744755) can0 706#260A3D23D70A2364
(1789379639.749298) can0 706#2700550082005000
(1789379639.750452) can0 706#281E00503E99999A
(1789379639.754454) can0 706#293F19999A3E4CCC
(1789379639.755167) can0 706#2ACD05FF0014000F
(1789379639.755431) can0 706#2BFFFF3DCCCCCD00
(1789379639.755689) can0 706#2C3C001E00040006
(1789379639.755955) can0 706#2D000000060014FF
(1789379639.756210) can0 706#2EFF3E4CCCCD3F80
(1789379639.756452) can0 706#2F00000A1E0A323C
(1789379639.756724) can0 706#20A0FFFF3F800000
(1789379639.757053) can0 706#213F8000003F8000
(1789379639.757256) can0 706#22003F8CCCCD3F00
(1789379639.757521) can0 706#2300003F8000000A
(1789379639.757789) can0 706#24FF001E00000014
(1789379639.758254) can0 706#25000A000050C8FF
(1789379639.758525) can0 706#26FF3F8000004040
(1789379639.758795) can0 706#2700004120000041
(1789379639.759055) can0 706#2820000000FF00C8
(1789379639.759321) can0 706#2900DCFFFF412000
(1789379639.760025) can0 706#2A00646403E83F33
(1789379639.760485) can0 706#2B33333E4CCCCD0F
(1789379639.760764) can0 706#2CFFFFFF00000000
(1789379639.761019) can0 706#2D320AFFFF412000
(1789379639.761494) can0 706#2E00412000004170
(1789379639.761767) can0 706#2F00003F0000003F
(1789379639.762244) can0 706#2000000041B00000
(1789379639.762965) can0 706#213F0000000019FF
(1789379639.763906) can0 706#22BF001900003F80
(1789379639.768734) can0 706#23000047C34FF33F
(1789379639.769053) can0 706#2480000047C34FF3
(1789379639.769412) can0 706#250000000040A000
(1789379639.769708) can0 706#2600027800143F80
(1789379639.770041) can0 706#27000047C34FF33C
(1789379639.773464) can0 706#28FF270F270FFFFF
(1789379639.773733) can0 706#293F0000000028FF
(1789379639.773981) can0 706#2AFF40000000C040
(1789379639.775151) can0 706#2B00003D0F5C293D
(1789379639.775405) can0 706#2C8F5C293F4CCCCD
(1789379639.775679) can0 706#2D3F800000000000
(1789379639.775922) can0 706#2E0402281EFFFFFD
(1789379639.776176) can0 706#2F000A3ECCCCCDBF
(1789379639.776428) can0 706#2019999A003C000A
(1789379639.776812) can0 706#21000600300030FF
(1789379639.776962) can0 706#22BA0032FFCE0032
(1789379639.777222) can0 706#23FFEC000000003F
(1789379639.777493) can0 706#24E666663FC00000
(1789379639.778184) can0 706#2547C34F80408000
(1789379639.778461) can0 706#260047C34F803C93
(1789379639.778693) can0 706#2774BC3D0F5C2941
(1789379639.779443) can0 706#281000000004FFFF
(1789379639.780119) can0 706#293CD4FDF43F9999
(1789379639.780414) can0 706#2A9A47C34F800020
(1789379639.780645) can0 706#2B00010003FFFFBE
(1789379639.780908) can0 706#2CCCCCCDBE4CCCCD
(1789379639.781154) can0 706#2D0050FFEC0014FF
(1789379639.781420) can0 706#2EFF47C34FF33D4C
(1789379639.781660) can0 706#2FCCCD3D4CCCCD3D
(1789379639.781924) can0 706#204CCCCD47C34FF3
(1789379639.783768) can0 706#213D343958033C00
(1789379639.788312) can0 706#22B4FFF60000000A
(1789379639.788562) can0 706#2300420040FFA600
(1789379639.789251) can0 706#240AFFCE000A0204
(1789379639.792780) can0 706#25BE4CCCCDBDCCCC
(1789379639.793058) can0 706#26CD3FC000003CD4
(1789379639.793301) can0 706#27FDF43FC0000040
(1789379639.795214) can0 706#28400000FFFBFFFF
(1789379639.795469) can0 706#29411000003D54FD
(1789379639.795728) can0 706#2AF441A0000030FF
(1789379639.796000) can0 706#2BFF4C003CFFCE00
(1789379639.796249) can0 706#2C50FFEC00140018
(1789379639.796708) can0 706#2D0103FFFFBF9999
(1789379639.796985) can0 706#2E9ABF19999A3E4C
(1789379639.797446) can0 706#2FCCCD3F0000003D
(1789379639.797681) can0 706#200F5C293DB43958
(1789379639.797964) can0 706#21C04000003F9999
(1789379639.798207) can0 706#229A3F4CCCCD4220
(1789379639.798925) can0 706#230000C0C0000040
(1789379639.799391) can0 706#240000003DD70A3D
(1789379639.799658) can0 706#2541A0000030FFFF
(1789379639.799922) can0 706#26A6000AFFCE0050
(1789379639.800175) can0 706#2700503C9374BCBF
(1789379639.800426) can0 706#28800000BF333333
(1789379639.800694) can0 706#293F0000003D0F5C
(1789379639.800945) can0 706#2A2941A000003020
(1789379639.801196) can0 706#2BFFFFBF19999A01
(1789379639.801666) can0 706#2C2C00060010FF60
(1789379639.806573) can0 706#2D0050FFCE0204FF
(1789379639.806764) can0 706#2EFFBFCCCCCDBF4C
(1789379639.807354) can0 706#2FCCCD3FC0000040
(1789379639.807660) can0 706#20400000FFF9FFFF
(1789379639.807892) can0 706#2141400000FFCE00
(1789379639.808629) can0 706#220AFFD80028FF88
(1789379639.808865) can0 706#230078100103FFBF
(1789379639.813579) can0 706#2499999ABF19999A
(1789379639.813826) can0 706#253FC000003F4CCC
(1789379639.814074) can0 706#26CD3E99999A3CD4
(1789379639.814337) can0 706#27FDF43DD70A3D41
(1789379639.814627) can0 706#28A0000060FF0005
(1789379639.814855) can0 706#293CFFFFFF410000
(1789379639.815110) can0 706#2A00000000640032
(1789379639.815441) can0 706#2B00C83F0000003F
(1789379639.815626) can0 706#2C3333333F333333
(1789379639.815892) can0 706#2D40A0000042F000
(1789379639.816149) can0 706#2E00010101010101
(1789379639.816636) can0 706#2FFFFF424800003C
(1789379639.816900) can0 706#208EFA3540E00000
(1789379639.817148) can0 706#2138D1B71738D1B7
(1789379639.817417) can0 706#22173F8000002121
(1789379639.817679) can0 706#230228BE4CCCCDFF
(1789379639.818384) can0 706#2410000040400000
(1789379639.818864) can0 706#25000800040014FF
(1789379639.819116) can0 706#26FF402666663F66
(1789379639.819385) can0 706#27666640A000003E
(1789379639.819840) can0 706#28CCCCCD3F800000
(1789379639.820103) can0 706#293F000000000000
(1789379639.832110) can0 70E#037F367800000000
(1789379639.917340) can0 70E#0276010000000000
(1789379639.918584) can0 706#1FFF36028000003F
(1789379639.919569) can0 70E#3000000000000000
(1789379639.923993) can0 706#2180000043960000
(1789379639.924236) can0 706#2241000000404000
(1789379639.924481) can0 706#23006414C8190CFF
(1789379639.924723) can0 706#24FFFF000000003D
(1789379639.925424) can0 706#25CCCCCD3F4CCCCD
(1789379639.929415) can0 706#263F4CCCCD3FC000
(1789379639.929661) can0 706#270005070A010100
(1789379639.930387) can0 706#2801FF000000013E
(1789379639.930615) can0 706#294CCCCD3C64C388
(1789379639.930840) can0 706#2A3C482B1701C2FF
(1789379639.931109) can0 706#2BFF3F0000003F33
(1789379639.931342) can0 706#2C33333F8CCCCD40
(1789379639.931588) can0 706#2D0000003ECCCCCD
(1789379639.931812) can0 706#2E400CCCCD001E00
(1789379639.932053) can0 706#2F093ECCCCCD3ECC
(1789379639.932283) can0 706#20CCCD3E99999A3F
(1789379639.932531) can0 706#2119999A3F000000
(1789379639.932760) can0 706#2202FFFFFF461C40
(1789379639.933469) can0 706#2300435400004120
(1789379639.933714) can0 706#24000046F3E1CD43
(1789379639.933939) can0 706#2527BD71416B3333
(1789379639.934193) can0 706#263DCCCCCD01FFFF
(1789379639.934423) can0 706#27FF441600004170
(1789379639.935131) can0 706#2800000640AA00A8
(1789379639.935595) can0 706#29DCEBFF0020000C
(1789379639.935840) can0 706#2A270FFFFF3E9999
(1789379639.936099) can0 706#2B9A000000004314
(1789379639.936315) can0 706#2C00003EE6666644
(1789379639.936779) can0 706#2D38C00043140000
(1789379639.937254) can0 706#2E3EE66666000000
(1789379639.937499) can0 706#2F0043A500003F73
(1789379639.937957) can0 706#2033334438C00043
(1789379639.938903) can0 706#21A500003F733333
(1789379639.939365) can0 706#2243B80000438200
(1789379639.949077) can0 706#23003F7333334370
(1789379639.950019) can0 706#240000436E00003F
(1789379639.950251) can0 706#2573333343B80000
(1789379639.950497) can0 706#26439000003F7333
(1789379639.950735) can0 706#273343D70000436E
(1789379639.950959) can0 706#2800003F73333344
(1789379639.951209) can0 706#29098000436E0000
(1789379639.951450) can0 706#2A3F73333343B800
(1789379639.951700) can0 706#2B00435600003F19
(1789379639.951932) can0 706#2C999A0000000000
(1789379639.952189) can0 706#2D00000000000000
(1789379639.952433) can0 706#2E00000000000000
(1789379639.952694) can0 706#2F00000000000000
(1789379639.953180) can0 706#2000000000000000
(1789379639.953430) can0 706#2100000000000000
(1789379639.953674) can0 706#2200000000000000
(1789379639.953922) can0 706#2300000000000000
(1789379639.954640) can0 706#2400000000000000
(1789379639.955352) can0 706#2500000000000000
(1789379639.955591) can0 706#2600000000000A00
(1789379639.955845) can0 706#2700000100090000
(1789379639.956090) can0 706#2800090005000000
(1789379639.956342) can0 706#2905000200010009
(1789379639.956592) can0 706#2A00080001000800
(1789379639.956834) can0 706#2B03000900080007
(1789379639.957074) can0 706#2C00090007000400
(1789379639.961840) can0 706#2D09000400050008
(1789379639.962082) can0 706#2E00070006000800
(1789379639.962378) can0 706#2F06000300070006
(1789379639.962789) can0 706#2000040006000400
(1789379639.963067) can0 706#2105000600050002
(1789379639.963346) can0 706#2200060002000300
(1789379639.963562) can0 706#2300000000000000
(1789379639.964323) can0 706#2400000000000000
(1789379639.964552) can0 706#2500FFFF42C80000
(1789379639.968325) can0 706#263F000000000000
(1789379639.968581) can0 706#2700000000004248
(1789379639.970714) can0 706#28000041A0000042
(1789379639.970984) can0 706#29C8000042C80000
(1789379639.971250) can0 706#2A00000000000000
(1789379639.971491) can0 706#2B0000000000050A
(1789379639.971742) can0 706#2C012C3EE666663F
(1789379639.972005) can0 706#2D7333333F733333
(1789379639.972258) can0 706#2EC0000000BF0000
(1789379639.972950) can0 706#2F0006300AFFFF9C
(1789379639.973226) can0 706#200000000014FFBD
(1789379639.973680) can0 706#21D70A3D3F19999A
(1789379639.973947) can0 706#2241A00000BFC000
(1789379639.974204) can0 706#2300017100800037
(1789379639.974677) can0 706#24FFE7001E270F27
(1789379639.974938) can0 706#250F000200040000
(1789379639.975190) can0 706#264131C28F40DE14
(1789379639.975434) can0 706#277B00000BB80000
(1789379639.975703) can0 706#2827104282000044
(1789379639.976001) can0 706#2916000000000096
(1789379639.976237) can0 706#2A0000000E000000
(1789379639.976508) can0 706#2B08000000010000
(1789379639.977686) can0 706#2C000D0000000A00
(1789379639.978151) can0 706#2D0000063F800000
(1789379639.982904) can0 706#2E3BA3D70A3C75C2
(1789379639.983154) can0 706#2F8F3C23D70A4000
(1789379639.983859) can0 706#2000003F0000003A
(1789379639.987678) can0 706#2103126F3BA3D70A
(1789379639.987901) can0 706#223C75C28F000000
(1789379639.988651) can0 706#2306000000080000
(1789379639.988900) can0 706#2400080000000E03
(1789379639.989171) can0 706#25FFFFFF3D75C28F
(1789379639.989414) can0 706#264491E0004491E0
(1789379639.989673) can0 706#270043BC00004370
(1789379639.989949) can0 706#28000002F001E000
(1789379639.990205) can0 706#2900000002F001E0
(1789379639.990455) can0 706#2ABF99999ABDCCCC
(1789379639.990713) can0 706#2BCD3FA66666BFCB
(1789379639.990959) can0 706#2C4BC700000000BF
(1789379639.991208) can0 706#2DC90FF93C23D70A
(1789379639.991889) can0 706#2E3C23D70A3C23D7
(1789379639.992138) can0 706#2F0A3C8EFA393C0E
(1789379639.992403) can0 706#20FA393C8EFA3900
(1789379639.992670) can0 706#2100000002E400B8
(1789379639.993607) can0 706#2241500000400CCC
(1789379639.994075) can0 706#23CD3B64C3880000
(1789379639.994348) can0 706#24FFFF3C88CE703E
(1789379639.994593) can0 706#25CCCCCD3D05F06F
(1789379639.994831) can0 706#263E99999A434800
(1789379639.995296) can0 706#27000000000A0000
(1789379639.995779) can0 706#2800780000005A00
(1789379639.996269) can0 706#2900003C0000000A
(1789379640.007160) can0 706#2A0000001E000000
(1789379640.007429) can0 706#2BB4000000140000
(1789379640.008395) can0 706#2C00050000002800
(1789379640.008643) can0 706#2D0000143D4CCCCD
(1789379640.008911) can0 706#2E0000000F000000
(1789379640.009189) can0 706#2F64000000500000
(1789379640.009457) can0 706#2000020000000500
(1789379640.009717) can0 706#2100000100000001
(1789379640.009977) can0 706#22050808080A1005
(1789379640.010242) can0 706#2305051024050805
(1789379640.010485) can0 706#2406053D4CCCCD00
(1789379640.010746) can0 706#2503FFFF437A0000
(1789379640.011215) can0 706#2640C0000041F000
(1789379640.011473) can0 706#27003FC00000BFC0
(1789379640.011728) can0 706#2800003F8CCCCD42
(1789379640.012042) can0 706#29A0000043960000
(1789379640.012268) can0 706#2ABF80000042C800
(1789379640.013014) can0 706#2B000000000F4006
(1789379640.013688) can0 706#2C66660000000842
(1789379640.013994) can0 706#2D05554D41DE38EF
(1789379640.014212) can0 706#2E0000001E000001
(1789379640.014489) can0 706#2FF40000001E0000
(1789379640.014756) can0 706#2001F44080000000
(1789379640.015025) can0 706#2100002800000096
(1789379640.015291) can0 706#2200000014000000
(1789379640.016949) can0 706#234B3C64C3883F00
(1789379640.022193) can0 706#2400000000012C00
(1789379640.022897) can0 706#25000000FFFFFFFE
(1789379640.026455) can0 706#26FFFFFFFE000003
(1789379640.026732) can0 706#27E80000001E0000
(1789379640.026995) can0 706#280BB8000000F040
(1789379640.028672) can0 706#29C0000041000000
(1789379640.028932) can0 706#2A41000000434800
(1789379640.029200) can0 706#2B004020000042A0
(1789379640.029479) can0 706#2C00004040000041
(1789379640.029739) can0 706#2D00000041200000
(1789379640.029993) can0 706#2E00000000000000
(1789379640.030479) can0 706#2F784080000040C0
(1789379640.030957) can0 706#2000004080000000
(1789379640.031209) can0 706#210000003D75C28F
(1789379640.031481) can0 706#223F333333408000
(1789379640.031752) can0 706#230040C0000040C0
(1789379640.032232) can0 706#2400004348000040
(1789379640.032548) can0 706#2520000042A00000
(1789379640.032966) can0 706#263F80000040C000
(1789379640.033241) can0 706#2700410000000000
(1789379640.033523) can0 706#2800000000003C40
(1789379640.033778) can0 706#2940000040A00000
(1789379640.034043) can0 706#2A40400000000000
(1789379640.034325) can0 706#2B003D75C28F3F33
(1789379640.034573) can0 706#2C33334000000040
(1789379640.034837) can0 706#2D80000040800000
(1789379640.035308) can0 706#2E43480000402000
(1789379640.036725) can0 706#2F0042A000000000
(1789379640.040099) can0 706#2000004080000040
(1789379640.040375) can0 706#21A0000000000000
(1789379640.041057) can0 706#220000001E400000
(1789379640.041334) can0 706#2300408000004000
(1789379640.041594) can0 706#240000000000003D
(1789379640.046543) can0 706#2575C28F3F333333
(1789379640.047266) can0 706#264396000043E100
(1789379640.047526) can0 706#2700452280000004
(1789379640.047774) can0 706#28FFFF3DCCCCCD3C
(1789379640.048032) can0 706#2923D70A0850CD78
(1789379640.048297) can0 706#2A0000FFFF3F9999
(1789379640.048545) can0 706#2B9A003200320000
(1789379640.048815) can0 706#2C0032000000503E
(1789379640.049059) can0 706#2D4CCCCD40B1C77A
(1789379640.049314) can0 706#2E4031C77A412000
(1789379640.049586) can0 706#2F0042F0000040A0
(1789379640.049852) can0 706#200000C220000042
(1789379640.050121) can0 706#212000000000001E
(1789379640.050595) can0 706#220000001E000000
(1789379640.050849) can0 706#230A412000003D4C
(1789379640.051104) can0 706#24CCCD3F6666663F
(1789379640.051360) can0 706#256666663F000000
(1789379640.052078) can0 706#263ECCCCCD3F1999
(1789379640.052518) can0 706#279A3E99999A3ECC
(1789379640.052782) can0 706#28CCCD000003E83F
(1789379640.053050) can0 706#294CCCCD42C80000
(1789379640.053299) can0 706#2A4270000042F000
(1789379640.053778) can0 706#2B000000029B0000
(1789379640.054261) can0 706#2C00000000000000
(1789379640.054521) can0 706#2D0000003DCCCCCD
(1789379640.055980) can0 706#2E3F0000003F8000
(1789379640.056415) can0 706#2F0042F0000041F0
(1789379640.065743) can0 706#2000004120000042
(1789379640.065983) can0 706#21F0000040A00000
(1789379640.067176) can0 706#2200000000422000
(1789379640.067441) can0 706#23000000001E0000
(1789379640.067721) can0 706#24001E0000000A41
(1789379640.067969) can0 706#252000003D4CCCCD
(1789379640.068221) can0 706#263F6666663F6666
(1789379640.068507) can0 706#2766000000000000
(1789379640.068758) can0 706#2800003F8000003E
(1789379640.068997) can0 706#2999999A3E99999A
(1789379640.069259) can0 706#2A0000012C3E9999
(1789379640.069519) can0 706#2B9A428C00004270
(1789379640.070457) can0 706#2C000042F0000000
(1789379640.070703) can0 706#2D00029B00000000
(1789379640.070982) can0 706#2E00000000000000
(1789379640.071682) can0 706#2F003DCCCCCD3F00
(1789379640.072388) can0 706#2000003F80000042
(1789379640.072666) can0 706#21F0000041F00000
(1789379640.072910) can0 706#224120000042F000
(1789379640.073182) can0 706#230040A000000000
(1789379640.073441) can0 706#2400004220000000
(1789379640.073717) can0 706#2500001E00000078
(1789379640.073966) can0 706#260000000A412000
(1789379640.074431) can0 706#27003D4CCCCD3F00
(1789379640.075846) can0 706#2800003F00000000
(1789379640.078988) can0 706#2900000000000000
(1789379640.079675) can0 706#2A3EAA7EFA3EAA7E
(1789379640.079947) can0 706#2BFA3EAA7EFA0000
(1789379640.080208) can0 706#2C03E83F19999A42
(1789379640.080470) can0 706#2DC8000042700000
(1789379640.080724) can0 706#2E42F00000000000
(1789379640.081439) can0 706#2FC8000000000000
(1789379640.084983) can0 706#200000000000003D
(1789379640.085272) can0 706#21CCCCCD3F000000
(1789379640.085507) can0 706#223F80000042F000
(1789379640.087220) can0 706#230041F000004120
(1789379640.087461) can0 706#24000042F0000041
(1789379640.087719) can0 706#25A0000000000258
(1789379640.087974) can0 706#2642700000000000
(1789379640.088250) can0 706#27640000000A0000
(1789379640.088516) can0 706#2800C80000000242
(1789379640.088781) can0 706#2970000000000000
(1789379640.089052) can0 706#2A41F0000042F000
(1789379640.089744) can0 706#2B003F6666663DB2
(1789379640.090000) can0 706#2CB8C24348000000
(1789379640.090283) can0 706#2D00000000000000
(1789379640.090998) can0 706#2E3F800000000000
(1789379640.091263) can0 706#2F00000000003DCC
(1789379640.091729) can0 706#20CCCD3F0000003F
(1789379640.092004) can0 706#2180000042F00000
(1789379640.092281) can0 706#2241F00000412000
(1789379640.092520) can0 706#230042F0000041A0
(1789379640.092788) can0 706#2400000000000A42
(1789379640.093083) can0 706#2570000000000064
(1789379640.093329) can0 706#2600000000000003
(1789379640.093592) can0 706#27E8000000644270
(1789379640.094077) can0 706#2800000000000041
(1789379640.100261) can0 706#29F0000042F00000
(1789379640.100955) can0 706#2A3F7AE1483DB2B8
(1789379640.105000) can0 706#2BC2400000000000
(1789379640.105262) can0 706#2C000040A000003F
(1789379640.105994) can0 706#2D80000000000000
(1789379640.106260) can0 706#2E000000003DCCCC
(1789379640.106527) can0 706#2FCD3F0000003F80
(1789379640.106801) can0 706#20000042F0000041
(1789379640.107067) can0 706#21F0000041200000
(1789379640.107324) can0 706#22404000003F1999
(1789379640.107580) can0 706#239A4120000042C8
(1789379640.107845) can0 706#2400004040000042
(1789379640.108092) can0 706#25F0000041A00000
(1789379640.108353) can0 706#260000000A427000
(1789379640.108839) can0 706#2700000000640000
(1789379640.109099) can0 706#280000000003E800
(1789379640.109364) can0 706#2900000A42700000
(1789379640.109682) can0 706#2A0000000041F000
(1789379640.109906) can0 706#2B0042F000003F66
(1789379640.110659) can0 706#2C66663DB2B8C241
(1789379640.111078) can0 706#2D00000000000000
(1789379640.111361) can0 706#2E408000003F8000
(1789379640.111636) can0 706#2F00000000000000
(1789379640.111878) can0 706#2000003DCCCCCD3F
(1789379640.112149) can0 706#210000003F800000
(1789379640.112854) can0 706#2242F0000041F000
(1789379640.113135) can0 706#2300412000003F63
(1789379640.114768) can0 706#24D70A3E99999A00
(1789379640.120266) can0 706#2500000C00000014
(1789379640.120527) can0 706#2640000000000000
(1789379640.123836) can0 706#27043E4CCCCD3F4C
(1789379640.124091) can0 706#28CCCD3F33333300
(1789379640.124364) can0 706#2900006400000032
(1789379640.124620) can0 706#2A0000003C000000
(1789379640.125579) can0 706#2B14BE4CCCCD0000
(1789379640.125855) can0 706#2C00003F0000003D
(1789379640.126115) can0 706#2DCCCCCD00000028
(1789379640.126383) can0 706#2E00000010000000
(1789379640.126628) can0 706#2F00000000003DCC
(1789379640.126895) can0 706#20CCCD3F0000003F
(1789379640.127152) can0 706#2180000042F00000
(1789379640.127433) can0 706#2241F00000412000
(1789379640.127686) can0 706#2300400000004000
(1789379640.128422) can0 706#2400003F00000041
(1789379640.128694) can0 706#25A0000041200000
(1789379640.128959) can0 706#26441600003F8000
(1789379640.129241) can0 706#270040A000003E99
(1789379640.129479) can0 706#28999A3F3333333F
(1789379640.130186) can0 706#2933333341A00000
(1789379640.130905) can0 706#2A42F0000041A000
(1789379640.131169) can0 706#2B00427000004000
(1789379640.131453) can0 706#2C00000000002000
(1789379640.131716) can0 706#2D00000A00000064
(1789379640.131988) can0 706#2E00000002000000
(1789379640.132256) can0 706#2F0A000000010000
(1789379640.132495) can0 706#20001E4270000000
(1789379640.132965) can0 706#2100000041F00000
(1789379640.134378) can0 706#2242F000003C23D7
(1789379640.138974) can0 706#230A000000000000
(1789379640.139199) can0 706#2400003E8000003F
(1789379640.140141) can0 706#2535C28F00000000
(1789379640.143683) can0 706#26000000003DCCCC
(1789379640.143953) can0 706#27CD3F0000003F80
(1789379640.144200) can0 706#28000042F0000041
(1789379640.146105) can0 706#29F0000041200000
(1789379640.146389) can0 706#2ABF800000BF6666
(1789379640.146624) can0 706#2B66BF4CCCCD3E4C
(1789379640.146889) can0 706#2CCCCD3F0000003F
(1789379640.147134) can0 706#2D8000003F800000
(1789379640.147428) can0 706#2E3F8000003F8000
(1789379640.147678) can0 706#2F003E99999A0000
(1789379640.148385) can0 706#2000003F8000003F
(1789379640.148653) can0 706#218000003F800000
(1789379640.148925) can0 706#223F8000003F8000
(1789379640.149411) can0 706#2300000000003F80
(1789379640.149715) can0 706#240000000000003F
(1789379640.150177) can0 706#258000003F800000
(1789379640.150427) can0 706#263F8000003F8000
(1789379640.150691) can0 706#27003F8000000000
(1789379640.150965) can0 706#2800003F80000000
(1789379640.151249) can0 706#2900000000000000
(1789379640.151571) can0 706#2A00000000000000
(1789379640.151778) can0 706#2B00000000003F80
(1789379640.152036) can0 706#2C00000000000000
(1789379640.153483) can0 706#2D00000000000000
(1789379640.153930) can0 706#2E3DCCCCCD3F1999
(1789379640.157286) can0 706#2F9A3F19999A3F33
(1789379640.157550) can0 706#2033333ECCCCCD41
(1789379640.157992) can0 706#21F000003F266666
(1789379640.158245) can0 706#223F2666663F3333
(1789379640.158508) can0 706#23333ECCCCCD41F0
(1789379640.158761) can0 706#2400003F19999A3F
(1789379640.159480) can0 706#2519999A3F333333
(1789379640.163710) can0 706#263ECCCCCD41F000
(1789379640.164673) can0 706#27000000012C0000
(1789379640.164934) can0 706#2802580000025800
(1789379640.165199) can0 706#2900012C00000000
(1789379640.165453) can0 706#2A42C80000434800
(1789379640.165700) can0 706#2B0041A000003E99
(1789379640.165959) can0 706#2C999A3F00000042
(1789379640.166231) can0 706#2DC8000041A00000
(1789379640.166491) can0 706#2E41A00000412000
(1789379640.166750) can0 706#2F003F0000004120
(1789379640.167018) can0 706#20000041A0000042
(1789379640.167289) can0 706#2148000040000000
(1789379640.167990) can0 706#22412000003DCCCC
(1789379640.168266) can0 706#23CD412000003F4C
(1789379640.168511) can0 706#24CCCD0000000540
(1789379640.169242) can0 706#25000000000000F0
(1789379640.169704) can0 706#2600000021000000
(1789379640.169963) can0 706#27190000000343FA
(1789379640.170249) can0 706#28000041F0000000
(1789379640.170509) can0 706#290000F500000019
(1789379640.170764) can0 706#2A000000643F7D70
(1789379640.171476) can0 706#2BA43F0000000000
(1789379640.171740) can0 706#2C4E204396000004
(1789379640.172917) can0 706#2D0F0AFF3E19999A
(1789379640.173382) can0 706#2E05070AFF40E000
(1789379640.182204) can0 706#2F003E4CCCCD4040
(1789379640.182674) can0 706#2000000308030303
(1789379640.182953) can0 706#2100000000010000
(1789379640.183191) can0 706#223DCCCCCD3851B7
(1789379640.184126) can0 706#2317391D4952399D
(1789379640.184393) can0 706#24495232FFFFFF3E
(1789379640.184653) can0 706#258000000A28FFFF
(1789379640.184924) can0 706#263D8F5C293E8000
(1789379640.185186) can0 706#27003E19999A3D4C
(1789379640.185428) can0 706#28CCCD0A500F013F
(1789379640.185693) can0 706#29C000003E4CCCCD
(1789379640.185944) can0 706#2A3ECCCCCD3D4CCC
(1789379640.186173) can0 706#2BCD3C23D70A3DCC
(1789379640.186429) can0 706#2CCCCD0096FFFF40
(1789379640.186688) can0 706#2D6666663F333333
(1789379640.187387) can0 706#2E3E99999A3F8000
(1789379640.187657) can0 706#2F003F6666661EFF
(1789379640.187909) can0 706#20FFFF3ECCCCCD40
(1789379640.188160) can0 706#21A0000040000000
(1789379640.189580) can0 706#223C83126F3D4CCC
(1789379640.189824) can0 706#23CD3E4CCCCD3F00
(1789379640.190201) can0 706#2400003F4CCCCD3F
(1789379640.190344) can0 706#2580000041200000
(1789379640.190609) can0 706#2632FFFFFF3D4CCC
(1789379640.190856) can0 706#27CD3D4CCCCD3DCC
(1789379640.191184) can0 706#28CCCD3DCCCCCD3D
(1789379640.191538) can0 706#29CCCCCD3CF5C28F
(1789379640.196981) can0 706#2A3E99999A01F401
(1789379640.197241) can0 706#2BC201F4022602BC
(1789379640.197560) can0 706#2C0384038503E801
(1789379640.197766) can0 706#2DF401F400780064
(1789379640.198535) can0 706#2E00500000000000
(1789379640.198753) can0 706#2FFA012C015E01C2
(1789379640.202532) can0 706#200258025902BC01
(1789379640.202777) can0 706#21F401F40063004C
(1789379640.204461) can0 706#22003A0000000000
(1789379640.204710) can0 706#23320064009600C8
(1789379640.204972) can0 706#24012C012D019001
(1789379640.205243) can0 706#25F401F40028001E
(1789379640.205504) can0 706#2600140000000003
(1789379640.205760) can0 706#27E8417000000000
(1789379640.206032) can0 706#28000041C8000041
(1789379640.206745) can0 706#29F4000042200000
(1789379640.206996) can0 706#2A17701770177017
(1789379640.207322) can0 706#2B700258FFFF4140
(1789379640.207548) can0 706#2C00000000000042
(1789379640.208010) can0 706#2D2000000BB80BB8
(1789379640.208299) can0 706#2E00FAFFFF412000
(1789379640.208759) can0 706#2F00000000004220
(1789379640.209023) can0 706#20000001F401F43D
(1789379640.209275) can0 706#21CCCCCD3E99999A
(1789379640.209532) can0 706#2201FFFFFF3F8CCC
(1789379640.209795) can0 706#23CD3F8000003DCC
(1789379640.210050) can0 706#24CCCD3E4CCCCD64
(1789379640.210324) can0 706#25FFFFFF3F800000
(1789379640.210591) can0 706#2640000000406000
(1789379640.211072) can0 706#270040A0000040C0
(1789379640.222242) can0 706#2800000F0F1E2D2D
(1789379640.222975) can0 706#2946FFFF3F000000
(1789379640.223225) can0 706#2A3F99999A19FFFF
(1789379640.223493) can0 706#2BFF3F8000001964
(1789379640.223753) can0 706#2CFFFF3CCCCCCD3D
(1789379640.224003) can0 706#2D4CCCCD321EFFFF
(1789379640.224248) can0 706#2E3E4CCCCD3CCCCC
(1789379640.224495) can0 706#2FCD3D75C28F3DCC
(1789379640.224760) can0 706#20CCCD320A00500A
(1789379640.225019) can0 706#21FFFFFF4172AC08
(1789379640.225267) can0 706#2241846666428800
(1789379640.225748) can0 706#2300428C00003FC0
(1789379640.226231) can0 706#24000014FFFFFF40
(1789379640.226491) can0 706#254000000064FFFF
(1789379640.226744) can0 706#263DCCCCCD3DCCCC
(1789379640.227001) can0 706#27CD403333330032
(1789379640.227701) can0 706#2802580A320BB823
(1789379640.227959) can0 706#2928050A0F1403FE
(1789379640.228454) can0 706#2A0190015E01F4FF
(1789379640.228697) can0 706#2BFF402CCCCD0000
(1789379640.228954) can0 706#2C00004185999A41
(1789379640.229195) can0 706#2D9B333341B1999A
(1789379640.229649) can0 706#2E41C8000041DE66
(1789379640.230112) can0 706#2F6641FA66664210
(1789379640.230596) can0 706#2066664226CCCD42
(1789379640.231763) can0 706#218C00003F800000
(1789379640.232029) can0 706#223F8000003F67EF
(1789379640.237503) can0 706#239E3F51EB853F3E
(1789379640.237771) can0 706#24B8523F30A3D73F
(1789379640.241293) can0 706#252147AE3F0F5C29
(1789379640.241557) can0 706#263EF851EC3E8E56
(1789379640.241817) can0 706#2704000000003983
(1789379640.242758) can0 706#28126F3A449BA63A
(1789379640.243017) can0 706#29A3D70A3AE56042
(1789379640.243276) can0 706#2A3B23D70A3B8312
(1789379640.243516) can0 706#2B6F3C23D70A3C75
(1789379640.243782) can0 706#2CC28F3F8000003F
(1789379640.244026) can0 706#2D8000003F70A3D7
(1789379640.244289) can0 706#2E3F63D70A3F5999
(1789379640.244536) can0 706#2F9A3F47AE143F38
(1789379640.244777) can0 706#2051EC3F2666663F
(1789379640.245044) can0 706#2126666600000000
(1789379640.245296) can0 706#223851B717391D49
(1789379640.245758) can0 706#23523983126F39D1
(1789379640.246008) can0 706#24B7173A51B7173A
(1789379640.246273) can0 706#2583126F3F800000
(1789379640.246546) can0 706#263F8000003F6666
(1789379640.247248) can0 706#27663F59999A3F4F
(1789379640.247494) can0 706#285C293F3851EC3F
(1789379640.248194) can0 706#293851EC3CA3D70A
(1789379640.248458) can0 706#2A00000000408000
(1789379640.248709) can0 706#2B0040A0000040C0
(1789379640.248981) can0 706#2C000040E000003F
(1789379640.249307) can0 706#2D8000003F800000
(1789379640.249507) can0 706#2E3F4CCCCD3F1999
(1789379640.249767) can0 706#2F9A3F19999A0000
(1789379640.255728) can0 706#2000003F80000040
(1789379640.255999) can0 706#2100000040400000
(1789379640.256264) can0 706#22408000003F3333
(1789379640.256506) can0 706#23333F3333333F59
(1789379640.257199) can0 706#24999A3F8000003F
(1789379640.260751) can0 706#258000003CA3D70A
(1789379640.261024) can0 706#26000000003E4CCC
(1789379640.261273) can0 706#27CD3F8000004040
(1789379640.263204) can0 706#2800000000000000
(1789379640.263472) can0 706#290000003F800000
(1789379640.263744) can0 706#2A3F8000003F0000
(1789379640.263996) can0 706#2B00BA102DE0B851
(1789379640.264237) can0 706#2CB7173851B7173A
(1789379640.264518) can0 706#2D102DE000000000
(1789379640.264786) can0 706#2E00000000000000
(1789379640.265052) can0 706#2F00000000004000
(1789379640.265762) can0 706#2000003D75C28F07
(1789379640.266017) can0 706#2108FFFF3F000000
(1789379640.266492) can0 706#22402000003F1999
(1789379640.266758) can0 706#239A3F19999A417C
(1789379640.267015) can0 706#24CCCD0258006400
(1789379640.267488) can0 706#2500000041200000
(1789379640.267764) can0 706#260460FFFF3B8312
(1789379640.268016) can0 706#276F4248000041F0
(1789379640.268270) can0 706#2800004170000040
(1789379640.268539) can0 706#2900000005030201
(1789379640.268836) can0 706#2A400000003F0000
(1789379640.269066) can0 706#2B003A83126F4120
(1789379640.269335) can0 706#2C00003EE6666640
(1789379640.270964) can0 706#2D2000003D0F5C29
(1789379640.271237) can0 706#2E41B00000412000
(1789379640.275065) can0 706#2F004040000040A0
(1789379640.275331) can0 706#2000003F33333301
(1789379640.275677) can0 706#210403FF42F00000
(1789379640.275852) can0 706#22439600003DCCCC
(1789379640.276562) can0 706#23CD0000FFFF0000
(1789379640.276838) can0 706#2400004060000000
(1789379640.281596) can0 706#250100003DCCCCCD
(1789379640.281848) can0 706#263851B717391D49
(1789379640.282096) can0 706#2752399D495232FF
(1789379640.282372) can0 706#28FFFF3E8000000A
(1789379640.282616) can0 706#2928FFFF3D8F5C29
(1789379640.282866) can0 706#2A3E8000003E1999
(1789379640.283109) can0 706#2B9A3D4CCCCD0A50
(1789379640.283378) can0 706#2C0F013FC000003E
(1789379640.283623) can0 706#2D4CCCCD3ECCCCCD
(1789379640.283857) can0 706#2E3D4CCCCD3C23D7
(1789379640.284109) can0 706#2F0A3DCCCCCD0096
(1789379640.284574) can0 706#20FFFF406666663F
(1789379640.284815) can0 706#213333333E99999A
(1789379640.285284) can0 706#223F8000003F6666
(1789379640.285551) can0 706#23661EFFFFFF3ECC
(1789379640.285780) can0 706#24CCCD40A0000040
(1789379640.286972) can0 706#250000003C83126F
(1789379640.287221) can0 706#263D4CCCCD3E4CCC
(1789379640.287480) can0 706#27CD3F0000003F4C
(1789379640.287838) can0 706#28CCCD3F80000041
(1789379640.287976) can0 706#2920000032FFFFFF
(1789379640.288804) can0 706#2A3D4CCCCD3D4CCC
(1789379640.288931) can0 706#2BCD3DCCCCCD3DCC
(1789379640.301502) can0 706#2CCCCD3DCCCCCD3C
(1789379640.301763) can0 706#2DF5C28F3E99999A
(1789379640.302038) can0 706#2E01F401C201F402
(1789379640.302277) can0 706#2F2602BC03840385
(1789379640.302555) can0 706#2003E801F401F400
(1789379640.302833) can0 706#2178006400500000
(1789379640.303083) can0 706#22000000FA012C01
(1789379640.303337) can0 706#235E01C202580259
(1789379640.303593) can0 706#2402BC01F401F400
(1789379640.303855) can0 706#2563004C003A0000
(1789379640.304343) can0 706#2600000032006400
(1789379640.304587) can0 706#279600C8012C012D
(1789379640.304862) can0 706#28019001F401F400
(1789379640.305125) can0 706#2928001E00140000
(1789379640.305839) can0 706#2A000003E8417000
(1789379640.306581) can0 706#2B000000000041C8
(1789379640.306915) can0 706#2C000041F4000042
(1789379640.307106) can0 706#2D20000017701770
(1789379640.307358) can0 706#2E177017700258FF
(1789379640.307636) can0 706#2FFF414000000000
(1789379640.307910) can0 706#200000422000000B
(1789379640.308163) can0 706#21B80BB800FAFFFF
(1789379640.308441) can0 706#2241200000000000
(1789379640.314361) can0 706#23004220000001F4
(1789379640.314633) can0 706#2401F43DCCCCCD3E
(1789379640.314883) can0 706#2599999A01FFFFFF
(1789379640.315590) can0 706#263F8CCCCD3F8000
(1789379640.315853) can0 706#27003DCCCCCD3E4C
(1789379640.319379) can0 706#28CCCD64FFFFFF3F
(1789379640.319647) can0 706#2980000000000000
(1789379640.322212) can0 70E#037F367800000000
(1789379640.372853) can0 70E#0276020000000000
(1789379640.373613) can0 706#1FFF360300004000
(1789379640.374324) can0 70E#3000000000000000
(1789379640.377644) can0 706#2100004060000040
(1789379640.377901) can0 706#22A0000040C00000
(1789379640.378189) can0 706#230F0F1E2D2D46FF
(1789379640.378376) can0 706#24FF3F0000003F99
(1789379640.378615) can0 706#25999A19FFFFFF3F
(1789379640.380285) can0 706#268000001964FFFF
(1789379640.380520) can0 706#273CCCCCCD3D4CCC
(1789379640.380746) can0 706#28CD321EFFFF3E4C
(1789379640.380981) can0 706#29CCCD3CCCCCCD3D
(1789379640.381208) can0 706#2A75C28F3DCCCCCD
(1789379640.381457) can0 706#2B320A00500AFFFF
(1789379640.381686) can0 706#2CFF417666664184
(1789379640.381931) can0 706#2D66664288000042
(1789379640.382400) can0 706#2E8C00003FC00000
(1789379640.382656) can0 706#2F14FFFFFF404000
(1789379640.383124) can0 706#20000064FFFF3DCC
(1789379640.383349) can0 706#21CCCD3DCCCCCD40
(1789379640.384058) can0 706#2233333300320258
(1789379640.384517) can0 706#230A320BB8232805
(1789379640.384757) can0 706#240A0F1403FE0190
(1789379640.385028) can0 706#25015E01F4FFFF40
(1789379640.385246) can0 706#262CCCCD00000000
(1789379640.385494) can0 706#274185999A419B33
(1789379640.385745) can0 706#283341B1999A41C8
(1789379640.386004) can0 706#29000041DE666641
(1789379640.386247) can0 706#2AFA666642106666
(1789379640.386481) can0 706#2B4226CCCD428C00
(1789379640.388363) can0 706#2C003F8000003F80
(1789379640.391723) can0 706#2D00003F67EF9E3F
(1789379640.392401) can0 706#2E51EB853F3EB852
(1789379640.392680) can0 706#2F3F30A3D73F2147
(1789379640.392877) can0 706#20AE3F0F5C293EF8
(1789379640.393103) can0 706#2151EC3E8E560400
(1789379640.393823) can0 706#220000003983126F
(1789379640.398066) can0 706#233A449BA63AA3D7
(1789379640.398784) can0 706#240A3AE560423B23
(1789379640.399014) can0 706#25D70A3B83126F3C
(1789379640.399246) can0 706#2623D70A3C75C28F
(1789379640.399511) can0 706#273F8000003F8000
(1789379640.399735) can0 706#28003F70A3D73F63
(1789379640.399958) can0 706#29D70A3F59999A3F
(1789379640.400192) can0 706#2A47AE143F3851EC
(1789379640.400431) can0 706#2B3F2666663F2666
(1789379640.400676) can0 706#2C66000000003851
(1789379640.400900) can0 706#2DB717391D495239
(1789379640.401143) can0 706#2E83126F39D1B717
(1789379640.401368) can0 706#2F3A51B7173A8312
(1789379640.401855) can0 706#206F3F8000003F80
(1789379640.402110) can0 706#2100003F6666663F
(1789379640.402370) can0 706#2259999A3F4F5C29
(1789379640.402622) can0 706#233F3851EC3F3851
(1789379640.402841) can0 706#24EC3CA3D70A0000
(1789379640.403576) can0 706#2500004080000040
(1789379640.404027) can0 706#26A0000040C00000
(1789379640.404281) can0 706#2740E000003F8000
(1789379640.404558) can0 706#28003F8000003F4C
(1789379640.404788) can0 706#29CCCD3F19999A3F
(1789379640.405030) can0 706#2A19999A00000000
(1789379640.405281) can0 706#2B3F800000400000
(1789379640.405983) can0 706#2C00404000004080
(1789379640.407163) can0 706#2D00003F3333333F
(1789379640.417375) can0 706#2E3333333F59999A
(1789379640.417651) can0 706#2F3F8000003F8000
(1789379640.418601) can0 706#20003CA3D70A0000
(1789379640.418841) can0 706#2100003E4CCCCD3F
(1789379640.419098) can0 706#2280000040400000
(1789379640.419342) can0 706#2300000000000000
(1789379640.419589) can0 706#24003F8000003F80
(1789379640.419824) can0 706#2500003F000000BA
(1789379640.420074) can0 706#26102DE0B851B717
(1789379640.420297) can0 706#273851B7173A102D
(1789379640.420540) can0 706#28E0000000000000
(1789379640.420788) can0 706#2900000000000000
(1789379640.421285) can0 706#2A00000040000000
(1789379640.421736) can0 706#2B3D75C28F0708FF
(1789379640.421993) can0 706#2CFF3F0000004020
(1789379640.422223) can0 706#2D00003F19999A3F
(1789379640.422464) can0 706#2E19999A417CCCCD
(1789379640.423169) can0 706#2F02580064000000
(1789379640.423889) can0 706#2000412000000460
(1789379640.424132) can0 706#21FFFF3B83126F42
(1789379640.424400) can0 706#2248000041F00000
(1789379640.424644) can0 706#2341700000400000
(1789379640.424891) can0 706#2400050302014000
(1789379640.425139) can0 706#2500003F0000003A
(1789379640.425380) can0 706#2683126F41200000
(1789379640.425627) can0 706#273EE66666402000
(1789379640.427248) can0 706#28003D0F5C2941B0
(1789379640.430391) can0 706#2900004120000040
(1789379640.430633) can0 706#2A40000040A00000
(1789379640.431095) can0 706#2B3F333333010403
(1789379640.431329) can0 706#2CFF42F000004396
(1789379640.431566) can0 706#2D00003DCCCCCD00
(1789379640.432035) can0 706#2E00FFFF00000000
(1789379640.432286) can0 706#2F40600000000100
(1789379640.436989) can0 706#20003DCCCCCD3851
(1789379640.437227) can0 706#21B717391D495239
(1789379640.438910) can0 706#229D495232FFFFFF
(1789379640.439172) can0 706#233E8000000A28FF
(1789379640.439421) can0 706#24FF3D8F5C293E80
(1789379640.439710) can0 706#2500003E19999A3D
(1789379640.439934) can0 706#264CCCCD0A500F01
(1789379640.440208) can0 706#273FC000003E4CCC
(1789379640.440453) can0 706#28CD3ECCCCCD3D4C
(1789379640.440717) can0 706#29CCCD3C23D70A3D
(1789379640.441413) can0 706#2ACCCCCD0096FFFF
(1789379640.441670) can0 706#2B406666663F3333
(1789379640.441919) can0 706#2C333E99999A3F80
(1789379640.442388) can0 706#2D00003F6666661E
(1789379640.442653) can0 706#2EFFFFFF3ECCCCCD
(1789379640.443129) can0 706#2F40A00000400000
(1789379640.443391) can0 706#20003C83126F3D4C
(1789379640.443652) can0 706#21CCCD3E4CCCCD3F
(1789379640.443912) can0 706#220000003F4CCCCD
(1789379640.444181) can0 706#233F800000412000
(1789379640.444438) can0 706#240032FFFFFF3D4C
(1789379640.444680) can0 706#25CCCD3D4CCCCD3D
(1789379640.444928) can0 706#26CCCCCD3DCCCCCD
(1789379640.445161) can0 706#273DCCCCCD3CF5C2
(1789379640.446808) can0 706#288F3E99999A01F4
(1789379640.451129) can0 706#2901C201F4022602
(1789379640.451592) can0 706#2ABC0384038503E8
(1789379640.452306) can0 706#2B01F401F4007800
(1789379640.452569) can0 706#2C64005000000000
(1789379640.456589) can0 706#2D00FA012C015E01
(1789379640.457535) can0 706#2EC20258025902BC
(1789379640.457800) can0 706#2F01F401F4006300
(1789379640.458078) can0 706#204C003A00000000
(1789379640.458336) can0 706#2100320064009600
(1789379640.458600) can0 706#22C8012C012D0190
(1789379640.458843) can0 706#2301F401F4002800
(1789379640.459126) can0 706#241E001400000000
(1789379640.459396) can0 706#2503E84170000000
(1789379640.459650) can0 706#2600000041C80000
(1789379640.459914) can0 706#2741F40000422000
(1789379640.460211) can0 706#2800177017701770
(1789379640.460867) can0 706#2917700258FFFF41
(1789379640.461192) can0 706#2A40000000000000
(1789379640.461400) can0 706#2B422000000BB80B
(1789379640.462164) can0 706#2CB800FAFFFF4120
(1789379640.462586) can0 706#2D00000000000042
(1789379640.462862) can0 706#2E20000001F401F4
(1789379640.463145) can0 706#2F3DCCCCCD3E9999
(1789379640.463372) can0 706#209A01FFFFFF3F8C
(1789379640.463641) can0 706#21CCCD3F8000003D
(1789379640.464348) can0 706#22CCCCCD3E4CCCCD
(1789379640.464619) can0 706#2364FFFFFF3F8000
(1789379640.466070) can0 706#2400400000004060
(1789379640.466295) can0 706#25000040A0000040
(1789379640.471082) can0 706#26C000000F0F1E2D
(1789379640.471326) can0 706#272D46FFFF3F0000
(1789379640.471785) can0 706#28003F99999A19FF
(1789379640.472060) can0 706#29FFFF3F80000019
(1789379640.475362) can0 706#2A64FFFF3CCCCCCD
(1789379640.475624) can0 706#2B3D4CCCCD321EFF
(1789379640.475888) can0 706#2CFF3E4CCCCD3CCC
(1789379640.476129) can0 706#2DCCCD3D75C28F3D
(1789379640.477185) can0 706#2ECCCCCD320A0050
(1789379640.477346) can0 706#2F0AFFFFFF41855C
(1789379640.477618) can0 706#2029418F851F4288
(1789379640.477872) can0 706#210000428C00003F
(1789379640.478131) can0 706#22C0000014FFFFFF
(1789379640.478394) can0 706#23404000000064FF
(1789379640.478661) can0 706#24FF3DCCCCCD3DCC
(1789379640.478916) can0 706#25CCCD4033333300
(1789379640.479145) can0 706#263202580A320BB8
(1789379640.479401) can0 706#272328050A0F1403
(1789379640.479880) can0 706#28FE0190015E01F4
(1789379640.480115) can0 706#29FFFF402CCCCD00
(1789379640.480383) can0 706#2A0000004185999A
(1789379640.480627) can0 706#2B419B333341B199
(1789379640.480896) can0 706#2C9A41C8000041DE
(1789379640.482541) can0 706#2D666641FA666642
(1789379640.482797) can0 706#2E1066664226CCCD
(1789379640.483044) can0 706#2F428C00003F8000
(1789379640.483308) can0 706#20003F8000003F67
(1789379640.483558) can0 706#21EF9E3F51EB853F
(1789379640.483826) can0 706#223EB8523F30A3D7
(1789379640.484069) can0 706#233F2147AE3F0F5C
(1789379640.490480) can0 706#24293EF851EC3E8E
(1789379640.490864) can0 706#2556040000000039
(1789379640.491457) can0 706#2683126F3A449BA6
(1789379640.494988) can0 706#273AA3D70A3AE560
(1789379640.495240) can0 706#28423B23D70A3B83
(1789379640.495490) can0 706#29126F3C23D70A3C
(1789379640.495718) can0 706#2A75C28F3F800000
(1789379640.497629) can0 706#2B3F8000003F70A3
(1789379640.497879) can0 706#2CD73F63D70A3F59
(1789379640.498136) can0 706#2D999A3F47AE143F
(1789379640.498390) can0 706#2E3851EC3F266666
(1789379640.498635) can0 706#2F3F266666000000
(1789379640.498878) can0 706#20003851B717391D
(1789379640.499135) can0 706#2149523983126F39
(1789379640.499593) can0 706#22D1B7173A51B717
(1789379640.499849) can0 706#233A83126F3F8000
(1789379640.500126) can0 706#24003F8000003F66
(1789379640.500388) can0 706#2566663F59999A3F
(1789379640.500842) can0 706#264F5C293F3851EC
(1789379640.501101) can0 706#273F3851EC3CA3D7
(1789379640.501363) can0 706#280A000000004080
(1789379640.501847) can0 706#29000040A0000040
(1789379640.502109) can0 706#2AC0000040E00000
(1789379640.502380) can0 706#2B3F8000003F8000
(1789379640.502642) can0 706#2C003F4CCCCD3F19
(1789379640.502890) can0 706#2D999A3F19999A00
(1789379640.503173) can0 706#2E0000003F800000
(1789379640.503426) can0 706#2F40000000404000
(1789379640.503703) can0 706#2000408000003F33
(1789379640.505567) can0 706#2133333F3333333F
(1789379640.509612) can0 706#2259999A3F800000
(1789379640.509882) can0 706#233F8000003CA3D7
(1789379640.510150) can0 706#240A000000003E4C
(1789379640.510390) can0 706#25CCCD3F80000040
(1789379640.511112) can0 706#2640000000000000
(1789379640.515872) can0 706#27000000003F8000
(1789379640.516144) can0 706#28003F8000003F00
(1789379640.516404) can0 706#290000BA102DE0B8
(1789379640.516670) can0 706#2A51B7173851B717
(1789379640.516909) can0 706#2B3A102DE0000000
(1789379640.517179) can0 706#2C00000000000000
(1789379640.517448) can0 706#2D00000000000040
(1789379640.517712) can0 706#2E0000003D75C28F
(1789379640.517973) can0 706#2F0708FFFF3F0000
(1789379640.518230) can0 706#2000402000003F19
(1789379640.518702) can0 706#21999A3F19999A41
(1789379640.519173) can0 706#227CCCCD02580064
(1789379640.519446) can0 706#2300000000412000
(1789379640.519773) can0 706#24000460FFFF3B83
(1789379640.519971) can0 706#25126F4248000041
(1789379640.520753) can0 706#26F0000041700000
(1789379640.521159) can0 706#2740000000050302
(1789379640.521425) can0 706#2801400000003F00
(1789379640.521725) can0 706#2900003A83126F41
(1789379640.521950) can0 706#2A2000003EE66666
(1789379640.522210) can0 706#2B402000003D0F5C
(1789379640.522479) can0 706#2C2941B000004120
(1789379640.523183) can0 706#2D00004040000040
(1789379640.525080) can0 706#2EA000003F333333
(1789379640.534419) can0 706#2F010403FF42F000
(1789379640.534617) can0 706#2000439600003DCC
(1789379640.534872) can0 706#21CCCD0000FFFF00
(1789379640.535833) can0 706#2200000040600000
(1789379640.536094) can0 706#23000100003DCCCC
(1789379640.536375) can0 706#24CD3851B717391D
(1789379640.536591) can0 706#254952399D495232
(1789379640.536859) can0 706#26FFFFFF3E800000
(1789379640.537108) can0 706#270A28FFFF3D8F5C
(1789379640.537377) can0 706#28293E8000003E19
(1789379640.537615) can0 706#29999A3D4CCCCD0A
(1789379640.537892) can0 706#2A500F013FC00000
(1789379640.538149) can0 706#2B3E4CCCCD3ECCCC
(1789379640.538604) can0 706#2CCD3D4CCCCD3C23
(1789379640.538848) can0 706#2DD70A3DCCCCCD00
(1789379640.539113) can0 706#2E96FFFF40666666
(1789379640.539354) can0 706#2F3F3333333E9999
(1789379640.539633) can0 706#209A3F8000003F66
(1789379640.540330) can0 706#2166661EFFFFFF3E
(1789379640.541038) can0 706#22CCCCCD40A00000
(1789379640.541307) can0 706#23400000003C8312
(1789379640.541571) can0 706#246F3D4CCCCD3E4C
(1789379640.541823) can0 706#25CCCD3F0000003F
(1789379640.542089) can0 706#264CCCCD3F800000
(1789379640.542345) can0 706#274120000032FFFF
(1789379640.542581) can0 706#28FF3D4CCCCD3D4C
(1789379640.544469) can0 706#29CCCD3DCCCCCD3D
(1789379640.547582) can0 706#2ACCCCCD3DCCCCCD
(1789379640.547831) can0 706#2B3CF5C28F3E9999
(1789379640.548098) can0 706#2C9A01F401C201F4
(1789379640.548556) can0 706#2D022602BC038403
(1789379640.548807) can0 706#2E8503E801F401F4
(1789379640.549070) can0 706#2F00780064005000
(1789379640.549335) can0 706#2000000000FA012C
(1789379640.550045) can0 706#21015E01C2025802
(1789379640.553567) can0 706#225902BC01F401F4
(1789379640.553832) can0 706#230063004C003A00
(1789379640.554309) can0 706#2400000000320064
(1789379640.556207) can0 706#25009600C8012C01
(1789379640.556463) can0 706#262D019001F401F4
(1789379640.556741) can0 706#270028001E001400
(1789379640.557012) can0 706#2800000003E84170
(1789379640.557250) can0 706#2900000000000041
(1789379640.557517) can0 706#2AC8000041F40000
(1789379640.557769) can0 706#2B42200000177017
(1789379640.558708) can0 706#2C70177017700258
(1789379640.558978) can0 706#2DFFFF4140000000
(1789379640.559458) can0 706#2E00000042200000
(1789379640.559809) can0 706#2F0BB80BB800FAFF
(1789379640.560218) can0 706#20FF412000000000
(1789379640.560495) can0 706#2100004220000001
(1789379640.560781) can0 706#22F401F43DCCCCCD
(1789379640.561000) can0 706#233E99999A01FFFF
(1789379640.561265) can0 706#24FF3F8CCCCD3F80
(1789379640.561527) can0 706#2500003DCCCCCD3E
(1789379640.561788) can0 706#264CCCCD64FFFFFF
(1789379640.562058) can0 706#273F800000400000
(1789379640.562320) can0 706#28004060000040A0
(1789379640.563746) can0 706#29000040C000000F
(1789379640.568593) can0 706#2A0F1E2D2D46FFFF
(1789379640.568804) can0 706#2B3F0000003F9999
(1789379640.569569) can0 706#2C9A19FFFFFF3F80
(1789379640.573325) can0 706#2D00001964FFFF3C
(1789379640.573572) can0 706#2ECCCCCD3D4CCCCD
(1789379640.573812) can0 706#2F321EFFFF3E4CCC
(1789379640.574530) can0 706#20CD3CCCCCCD3D75
(1789379640.574777) can0 706#21C28F3DCCCCCD32
(1789379640.575033) can0 706#220A00500AFFFFFF
(1789379640.575297) can0 706#23417800004186A3
(1789379640.575559) can0 706#24D742880000428C
(1789379640.575801) can0 706#2500003FC0000014
(1789379640.576073) can0 706#26FFFFFF40400000
(1789379640.576317) can0 706#270064FFFF3DCCCC
(1789379640.576594) can0 706#28CD3DCCCCCD4033
(1789379640.576860) can0 706#293333003202580A
(1789379640.577108) can0 706#2A320BB82328050A
(1789379640.577578) can0 706#2B0F1403FE019001
(1789379640.577839) can0 706#2C5E01F4FFFF402C
(1789379640.578112) can0 706#2DCCCD0000000041
(1789379640.578362) can0 706#2E85999A419B3333
(1789379640.579755) can0 706#2F41B1999A41C800
(1789379640.580026) can0 706#200041DE666641FA
(1789379640.580309) can0 706#2166664210666642
(1789379640.580540) can0 706#2226CCCD428C0000
(1789379640.580815) can0 706#233F8000003F8000
(1789379640.581070) can0 706#24003F67EF9E3F51
(1789379640.581775) can0 706#25EB853F3EB8523F
(1789379640.593152) can0 706#2630A3D73F2147AE
(1789379640.593400) can0 706#273F0F5C293EF851
(1789379640.594342) can0 706#28EC3E8E56040000
(1789379640.594588) can0 706#2900003983126F3A
(1789379640.594850) can0 706#2A449BA63AA3D70A
(1789379640.595105) can0 706#2B3AE560423B23D7
(1789379640.595326) can0 706#2C0A3B83126F3C23
(1789379640.595586) can0 706#2DD70A3C75C28F3F
(1789379640.595936) can0 706#2E8000003F800000
(1789379640.596128) can0 706#2F3F70A3D73F63D7
(1789379640.596376) can0 706#200A3F59999A3F47
(1789379640.596650) can0 706#21AE143F3851EC3F
(1789379640.596908) can0 706#222666663F266666
(1789379640.597361) can0 706#23000000003851B7
(1789379640.597614) can0 706#2417391D49523983
(1789379640.597884) can0 706#25126F39D1B7173A
(1789379640.598109) can0 706#2651B7173A83126F
(1789379640.598865) can0 706#273F8000003F8000
(1789379640.599543) can0 706#28003F6666663F59
(1789379640.599842) can0 706#29999A3F4F5C293F
(1789379640.600049) can0 706#2A3851EC3F3851EC
(1789379640.600303) can0 706#2B3CA3D70A000000
(1789379640.600575) can0 706#2C004080000040A0
(1789379640.600845) can0 706#2D000040C0000040
(1789379640.601116) can0 706#2EE000003F800000
(1789379640.601383) can0 706#2F3F8000003F4CCC
(1789379640.608500) can0 706#20CD3F19999A3F19
(1789379640.608777) can0 706#21999A000000003F
(1789379640.612099) can0 706#2280000040000000
(1789379640.612366) can0 706#2340400000408000
(1789379640.612616) can0 706#24003F3333333F33
(1789379640.612861) can0 706#2533333F59999A3F
(1789379640.614544) can0 706#268000003F800000
(1789379640.614801) can0 706#273CA3D70A000000
(1789379640.615066) can0 706#28003E4CCCCD3F80
(1789379640.615327) can0 706#2900004040000000
(1789379640.615610) can0 706#2A00000000000000
(1789379640.615846) can0 706#2B3F8000003F8000
(1789379640.616341) can0 706#2C003F000000BA10
(1789379640.616802) can0 706#2D2DE0B851B71738
(1789379640.617052) can0 706#2E51B7173A102DE0
(1789379640.617329) can0 706#2F00000000000000
(1789379640.617611) can0 706#2000000000000000
(1789379640.618081) can0 706#210000400000003D
(1789379640.618394) can0 706#2275C28F0708FFFF
(1789379640.618819) can0 706#233F000000402000
(1789379640.619078) can0 706#24003F19999A3F19
(1789379640.619369) can0 706#25999A417CCCCD02
(1789379640.619586) can0 706#2658006400000000
(1789379640.619857) can0 706#27412000000460FF
(1789379640.620116) can0 706#28FF3B83126F4248
(1789379640.620381) can0 706#29000041F0000041
(1789379640.620661) can0 706#2A70000040000000
(1789379640.620911) can0 706#2B05030201400000
(1789379640.622334) can0 706#2C003F0000003A83
(1789379640.622601) can0 706#2D126F412000003E
(1789379640.625949) can0 706#2EE6666640200000
(1789379640.626411) can0 706#2F3D0F5C2941B000
(1789379640.626677) can0 706#2000412000004040
(1789379640.626943) can0 706#21000040A000003F
(1789379640.627212) can0 706#22333333010403FF
(1789379640.627468) can0 706#2342F00000439600
(1789379640.633367) can0 706#24003DCCCCCD0000
(1789379640.633635) can0 706#25FFFF0000000040
(1789379640.633903) can0 706#26600000426E6666
(1789379640.634155) can0 706#27421428F6432D00
(1789379640.634393) can0 706#280042DC000040A0
(1789379640.634665) can0 706#2900004040000040
(1789379640.634991) can0 706#2AA0000040400000
(1789379640.635187) can0 706#2B402CCCCD40E333
(1789379640.635446) can0 706#2C334614FFFF4060
(1789379640.635703) can0 706#2D00003FA66666C0
(1789379640.635994) can0 706#2E00000000FFFFFF
(1789379640.636460) can0 706#2F3F800000402666
(1789379640.636709) can0 706#2066403333334040
(1789379640.636987) can0 706#2100004060000040
(1789379640.637240) can0 706#228000003D4CCCCD
(1789379640.637940) can0 706#233DCCCCCD3E1999
(1789379640.638411) can0 706#249A3E3851EC3E4C
(1789379640.638661) can0 706#25CCCD4026666640
(1789379640.638929) can0 706#2633333340400000
(1789379640.639193) can0 706#2740600000408000
(1789379640.639442) can0 706#2800BF4CCCCDBF4C
(1789379640.639707) can0 706#29CCCDBF4CCCCDBF
(1789379640.640405) can0 706#2A4CCCCDBF4CCCCD
(1789379640.650877) can0 706#2B3E8000003E4CCC
(1789379640.651343) can0 706#2CCDBE4CCCCD3E4C
(1789379640.651617) can0 706#2DCCCD3F8000003D
(1789379640.653057) can0 706#2ECCCCCD3E19999A
(1789379640.653308) can0 706#2F40266666403333
(1789379640.653576) can0 706#2033404000004060
(1789379640.653850) can0 706#210000408000003E
(1789379640.654100) can0 706#224CCCCD3E99999A
(1789379640.654355) can0 706#233ECCCCCD3F0000
(1789379640.654620) can0 706#24003F19999A3DCC
(1789379640.654857) can0 706#25CCCD42F0000040
(1789379640.655101) can0 706#2626666640333333
(1789379640.655378) can0 706#2740400000406000
(1789379640.656077) can0 706#2800408000003DCC
(1789379640.656337) can0 706#29CCCD3E2E147B3E
(1789379640.656612) can0 706#2A8000003EAE147B
(1789379640.656829) can0 706#2B3EB33333402666
(1789379640.657531) can0 706#2C66403333334040
(1789379640.658252) can0 706#2D00004060000040
(1789379640.658501) can0 706#2E800000BF4CCCCD
(1789379640.658747) can0 706#2FBF4CCCCDBF4CCC
(1789379640.659007) can0 706#20CDBF4CCCCDBF4C
(1789379640.659272) can0 706#21CCCD3E8000003E
(1789379640.659526) can0 706#224CCCCDBE4CCCCD
(1789379640.659766) can0 706#233E4CCCCD3F8000
(1789379640.661418) can0 706#24003DCCCCCD3E19
(1789379640.661665) can0 706#25999A4026666640
(1789379640.664794) can0 706#2633333340400000
(1789379640.665495) can0 706#2740600000408000
(1789379640.665752) can0 706#28003E4CCCCD3E99
(1789379640.666007) can0 706#29999A3ECCCCCD3F
(1789379640.666280) can0 706#2A0000003F19999A
(1789379640.666534) can0 706#2B3DCCCCCD42F000
(1789379640.667233) can0 706#2C00406CCCCD3DCC
(1789379640.670783) can0 706#2DCCCD3F8000003F
(1789379640.671114) can0 706#2E00000001FFFFFF
(1789379640.671328) can0 706#2F40000000408000
(1789379640.673282) can0 706#200040C0000041F0
(1789379640.673532) can0 706#2100003F80000042
(1789379640.673780) can0 706#226E6666421428F6
(1789379640.674044) can0 706#23432D000042DC00
(1789379640.674298) can0 706#24004089999A4040
(1789379640.674564) can0 706#25000040A0000040
(1789379640.674833) can0 706#26400000402CCCCD
(1789379640.675288) can0 706#2740E333334614FF
(1789379640.675553) can0 706#28FF406000003FA6
(1789379640.675822) can0 706#296666C000000000
(1789379640.676076) can0 706#2AFFFFFF3F800000
(1789379640.676323) can0 706#2B40266666403333
(1789379640.677506) can0 706#2C33404000004060
(1789379640.677781) can0 706#2D0000408000003D
(1789379640.678017) can0 706#2E4CCCCD3DCCCCCD
(1789379640.678269) can0 706#2F3E19999A3E3851
(1789379640.678525) can0 706#20EC3E4CCCCD4026
(1789379640.678776) can0 706#2166664033333340
(1789379640.679048) can0 706#2240000040600000
(1789379640.679286) can0 706#2340800000BF4CCC
(1789379640.685955) can0 706#24CDBF4CCCCDBF4C
(1789379640.686650) can0 706#25CCCDBF4CCCCDBF
(1789379640.686905) can0 706#264CCCCD3E800000
(1789379640.690945) can0 706#273E4CCCCDBE4CCC
(1789379640.691656) can0 706#28CD3E4CCCCD3F80
(1789379640.691921) can0 706#2900003DCCCCCD3E
(1789379640.692163) can0 706#2A19999A40266666
(1789379640.692433) can0 706#2B40333333404000
(1789379640.692687) can0 706#2C00406000004080
(1789379640.692928) can0 706#2D00003E4CCCCD3E
(1789379640.693177) can0 706#2E99999A3ECCCCCD
(1789379640.693443) can0 706#2F3F0000003F1999
(1789379640.693700) can0 706#209A3DCCCCCD42F0
(1789379640.693934) can0 706#2100004026666640
(1789379640.694190) can0 706#2233333340400000
(1789379640.694460) can0 706#2340600000408000
(1789379640.694926) can0 706#24003DCCCCCD3E2E
(1789379640.695189) can0 706#25147B3E8000003E
(1789379640.695525) can0 706#26AE147B3EB33333
(1789379640.695702) can0 706#2740266666403333
(1789379640.696417) can0 706#2833404000004060
(1789379640.696887) can0 706#29000040800000BF
(1789379640.697146) can0 706#2A4CCCCDBF4CCCCD
(1789379640.697390) can0 706#2BBF4CCCCDBF4CCC
(1789379640.697668) can0 706#2CCDBF4CCCCD3E80
(1789379640.697931) can0 706#2D00003E4CCCCDBE
(1789379640.698170) can0 706#2E4CCCCD3E4CCCCD
(1789379640.698877) can0 706#2F3F8000003DCCCC
(1789379640.700063) can0 706#20CD3E19999A4026
(1789379640.700523) can0 706#2166664033333340
(1789379640.706265) can0 706#2240000040600000
(1789379640.709568) can0 706#23408000003E4CCC
(1789379640.709821) can0 706#24CD3E99999A3ECC
(1789379640.710071) can0 706#25CCCD3F0000003F
(1789379640.710326) can0 706#2619999A3DCCCCCD
(1789379640.710577) can0 706#2742F00000406CCC
(1789379640.711526) can0 706#28CD3DCCCCCD3F80
(1789379640.711786) can0 706#2900003F00000001
(1789379640.712125) can0 706#2AFFFFFF40000000
(1789379640.712329) can0 706#2B4080000040C000
(1789379640.712607) can0 706#2C0041F000003F80
(1789379640.712856) can0 706#2D00004281333342
(1789379640.713131) can0 706#2E1428F6432D0000
(1789379640.713365) can0 706#2F42DC000040A000
(1789379640.713642) can0 706#20004040000040A0
(1789379640.714367) can0 706#2100004040000040
(1789379640.714622) can0 706#222CCCCD40E33333
(1789379640.714884) can0 706#234614FFFF406000
(1789379640.715149) can0 706#24003FA66666C000
(1789379640.715861) can0 706#25000000FFFFFF3F
(1789379640.716115) can0 706#2680000040266666
(1789379640.716829) can0 706#2740333333404000
(1789379640.717091) can0 706#2800406000004080
(1789379640.717331) can0 706#2900003D4CCCCD3D
(1789379640.717579) can0 706#2ACCCCCD3E19999A
(1789379640.717848) can0 706#2B3E3851EC3E4CCC
(1789379640.718090) can0 706#2CCD402666664033
(1789379640.718337) can0 706#2D33334040000040
(1789379640.718602) can0 706#2E60000040800000
(1789379640.724312) can0 706#2FBF4CCCCDBF4CCC
(1789379640.724574) can0 706#20CDBF4CCCCDBF4C
(1789379640.724839) can0 706#21CCCDBF4CCCCD3E
(1789379640.725077) can0 706#228000003E4CCCCD
(1789379640.729537) can0 706#23BE4CCCCD3E4CCC
(1789379640.729790) can0 706#24CD3F8000003DCC
(1789379640.730034) can0 706#25CCCD3E19999A40
(1789379640.731687) can0 706#2626666640333333
(1789379640.731952) can0 706#2740400000406000
(1789379640.732224) can0 706#2800408000003E4C
(1789379640.732484) can0 706#29CCCD3E99999A3E
(1789379640.732743) can0 706#2ACCCCCD3F000000
(1789379640.732972) can0 706#2B3F19999A3DCCCC
(1789379640.733225) can0 706#2CCD42F000004026
(1789379640.733493) can0 706#2D66664033333340
(1789379640.734195) can0 706#2E40000040600000
(1789379640.734467) can0 706#2F408000003DCCCC
(1789379640.734731) can0 706#20CD3E2E147B3E80
(1789379640.735197) can0 706#2100003EAE147B3E
(1789379640.735443) can0 706#22B3333340266666
(1789379640.735695) can0 706#2340333333404000
(1789379640.736178) can0 706#2400406000004080
(1789379640.736433) can0 706#250000BF4CCCCDBF
(1789379640.736690) can0 706#264CCCCDBF4CCCCD
(1789379640.736922) can0 706#27BF4CCCCDBF4CCC
(1789379640.737185) can0 706#28CD3E8000003E4C
(1789379640.737511) can0 706#29CCCDBE4CCCCD3E
(1789379640.737715) can0 706#2A4CCCCD3F800000
(1789379640.737959) can0 706#2B3DCCCCCD3E1999
(1789379640.739608) can0 706#2C9A402666664033
(1789379640.739846) can0 706#2D33334040000040
(1789379640.743219) can0 706#2E60000040800000
(1789379640.743661) can0 706#2F3E4CCCCD3E9999
(1789379640.743923) can0 706#209A3ECCCCCD3F00
(1789379640.744182) can0 706#2100003F19999A3D
(1789379640.744442) can0 706#22CCCCCD42F00000
(1789379640.744681) can0 706#23406CCCCD3DCCCC
(1789379640.745394) can0 706#24CD3F8000003F00
(1789379640.749409) can0 706#25000001FFFFFF40
(1789379640.749680) can0 706#2600000040800000
(1789379640.750878) can0 706#2740C0000041F000
(1789379640.751179) can0 706#28003F8000004272
(1789379640.751386) can0 706#296666421428F643
(1789379640.751657) can0 706#2A2D000042DC0000
(1789379640.751916) can0 706#2B40A00000404000
(1789379640.752186) can0 706#2C0040A000004040
(1789379640.752452) can0 706#2D0000402CCCCD40
(1789379640.752708) can0 706#2EE333334614FFFF
(1789379640.752970) can0 706#2F406000003FA666
(1789379640.753230) can0 706#2066C000000000FF
(1789379640.753952) can0 706#21FFFF3F80000040
(1789379640.754194) can0 706#2226666640333333
(1789379640.754442) can0 706#2340400000406000
(1789379640.755158) can0 706#2400408000003D4C
(1789379640.755624) can0 706#25CCCD3DCCCCCD3E
(1789379640.755889) can0 706#2619999A3E3851EC
(1789379640.756134) can0 706#273E4CCCCD402666
(1789379640.756393) can0 706#2866403333334040
(1789379640.756656) can0 706#2900000000000000
(1789379640.767931) can0 70E#037F367800000000
(1789379640.808787) can0 70E#0276030000000000
(1789379640.810013) can0 706#1FFF360400406000
(1789379640.810274) can0 70E#3000000000000000
(1789379640.812315) can0 706#210040800000BF4C
(1789379640.812560) can0 706#22CCCDBF4CCCCDBF
(1789379640.812796) can0 706#234CCCCDBF4CCCCD
(1789379640.813027) can0 706#24BF4CCCCD3E8000
(1789379640.813725) can0 706#25003E4CCCCDBE4C
(1789379640.814203) can0 706#26CCCD3E4CCCCD3F
(1789379640.814445) can0 706#278000003DCCCCCD
(1789379640.814676) can0 706#283E19999A402666
(1789379640.814913) can0 706#2966403333334040
(1789379640.815160) can0 706#2A00004060000040
(1789379640.815398) can0 706#2B8000003E4CCCCD
(1789379640.816110) can0 706#2C3E99999A3ECCCC
(1789379640.817571) can0 706#2DCD3F0000003F19
(1789379640.817744) can0 706#2E999A3DCCCCCD42
(1789379640.817986) can0 706#2FF0000040266666
(1789379640.822531) can0 706#2040333333404000
(1789379640.822778) can0 706#2100406000004080
(1789379640.827011) can0 706#2200003DCCCCCD3E
(1789379640.827340) can0 706#232E147B3E800000
(1789379640.827503) can0 706#243EAE147B3EB333
(1789379640.827728) can0 706#2533402666664033
(1789379640.828673) can0 706#2633334040000040
(1789379640.828927) can0 706#2760000040800000
(1789379640.829164) can0 706#28BF4CCCCDBF4CCC
(1789379640.829396) can0 706#29CDBF4CCCCDBF4C
(1789379640.829626) can0 706#2ACCCDBF4CCCCD3E
(1789379640.829862) can0 706#2B8000003E4CCCCD
(1789379640.830106) can0 706#2CBE4CCCCD3E4CCC
(1789379640.830342) can0 706#2DCD3F8000003DCC
(1789379640.830579) can0 706#2ECCCD3E19999A40
(1789379640.830813) can0 706#2F26666640333333
(1789379640.831073) can0 706#2040400000406000
(1789379640.831532) can0 706#2100408000003E4C
(1789379640.831771) can0 706#22CCCD3E99999A3E
(1789379640.832008) can0 706#23CCCCCD3F000000
(1789379640.832245) can0 706#243F19999A3DCCCC
(1789379640.832476) can0 706#25CD42F00000406C
(1789379640.833197) can0 706#26CCCD3DCCCCCD3F
(1789379640.833904) can0 706#278000003F000000
(1789379640.834174) can0 706#2801FFFFFF400000
(1789379640.834385) can0 706#29004080000040C0
(1789379640.834675) can0 706#2A000041F000003F
(1789379640.834911) can0 706#2B80000000E600E6
(1789379640.835168) can0 706#2C0258000000F000
(1789379640.835403) can0 706#2D06000001E03E99
(1789379640.835685) can0 706#2E999A003C01FF00
(1789379640.841653) can0 706#2F3C020202020000
(1789379640.841880) can0 706#20007D00B43E4CCC
(1789379640.842135) can0 706#21CD3F0000003F00
(1789379640.842837) can0 706#22000040A0000040
(1789379640.843094) can0 706#234000003F000000
(1789379640.846399) can0 706#24FFBAFFE2004600
(1789379640.846637) can0 706#251E3FC000004040
(1789379640.846897) can0 706#2600003F00000000
(1789379640.847134) can0 706#2700000040400000
(1789379640.849515) can0 706#28000000003F0000
(1789379640.849796) can0 706#2900071500D240A0
(1789379640.850021) can0 706#2A00004020000040
(1789379640.850266) can0 706#2B00000001FFFFFF
(1789379640.850504) can0 706#2C4039999A01FFFF
(1789379640.851209) can0 706#2DFF412000003F80
(1789379640.851451) can0 706#2E0000C2C800003D
(1789379640.851749) can0 706#2FCCCCCDBDCCCCCD
(1789379640.851931) can0 706#203ECCCCCD406000
(1789379640.852432) can0 706#21003F0000003ECC
(1789379640.852639) can0 706#22CCCD404000003E
(1789379640.853112) can0 706#234CCCCD3F000000
(1789379640.853374) can0 706#243F00000040A000
(1789379640.853614) can0 706#2500404000003F00
(1789379640.853848) can0 706#260000FFBAFFE200
(1789379640.854097) can0 706#2746001E3FC00000
(1789379640.854352) can0 706#28404000003F0000
(1789379640.854591) can0 706#2900000000004040
(1789379640.854842) can0 706#2A0000000000003F
(1789379640.855084) can0 706#2B000000071500D2
(1789379640.856495) can0 706#2C40A00000402000
(1789379640.856746) can0 706#2D004000000001FF
(1789379640.856992) can0 706#2EFFFF4039999A01
(1789379640.860821) can0 706#2FFFFFFF41200000
(1789379640.861068) can0 706#203F800000C2C800
(1789379640.861295) can0 706#21003DCCCCCDBDCC
(1789379640.861538) can0 706#22CCCD3ECCCCCD40
(1789379640.861797) can0 706#236000003F000000
(1789379640.862514) can0 706#243ECCCCCD404000
(1789379640.866519) can0 706#25003E4CCCCD3F00
(1789379640.866782) can0 706#2600003F00000040
(1789379640.867498) can0 706#27A0000040400000
(1789379640.867748) can0 706#283F000000FFBAFF
(1789379640.867986) can0 706#29E20046001E3FC0
(1789379640.868238) can0 706#2A0000404000003F
(1789379640.868486) can0 706#2B00000000000000
(1789379640.868734) can0 706#2C40400000000000
(1789379640.868984) can0 706#2D003F0000000715
(1789379640.869219) can0 706#2E00D240A0000040
(1789379640.869469) can0 706#2F20000040000000
(1789379640.869713) can0 706#2001FFFFFF403999
(1789379640.869961) can0 706#219A01FFFFFF4120
(1789379640.870441) can0 706#2200003F800000C2
(1789379640.870673) can0 706#23C800003DCCCCCD
(1789379640.870903) can0 706#24BDCCCCCD3ECCCC
(1789379640.871151) can0 706#25CD406000003F00
(1789379640.871391) can0 706#2600003ECCCCCD40
(1789379640.871633) can0 706#274000003E4CCCCD
(1789379640.873054) can0 706#283F0000003F0000
(1789379640.873288) can0 706#290040A000004040
(1789379640.873543) can0 706#2A00003F000000FF
(1789379640.873776) can0 706#2BBAFFE20046001E
(1789379640.874031) can0 706#2C3FC00000404000
(1789379640.874749) can0 706#2D003F0000000000
(1789379640.887391) can0 706#2E00004040000000
(1789379640.887581) can0 706#2F0000003F000000
(1789379640.887880) can0 706#20071500D240A000
(1789379640.888182) can0 706#2100402000004000
(1789379640.888368) can0 706#22000001FFFFFF40
(1789379640.888553) can0 706#2339999A01FFFFFF
(1789379640.888857) can0 706#24412000003F8000
(1789379640.889045) can0 706#2500C2C800003DCC
(1789379640.889266) can0 706#26CCCDBDCCCCCD3E
(1789379640.889518) can0 706#27CCCCCD40600000
(1789379640.889833) can0 706#283F0000003ECCCC
(1789379640.890218) can0 706#29CD4040000042A0
(1789379640.890465) can0 706#2A00004248000043
(1789379640.890703) can0 706#2B34000042DC0000
(1789379640.890955) can0 706#2C40A00000404000
(1789379640.891670) can0 706#2D0040A000004040
(1789379640.891919) can0 706#2E00004040000040
(1789379640.892626) can0 706#2FA000004614FFFF
(1789379640.892870) can0 706#2040400000400000
(1789379640.893124) can0 706#2100C00000004120
(1789379640.893361) can0 706#2200003F80000040
(1789379640.893603) can0 706#23A000003CA3D70A
(1789379640.893847) can0 706#2440000000408000
(1789379640.894095) can0 706#250040C000004000
(1789379640.894332) can0 706#2600003F0000003E
(1789379640.899594) can0 706#2799999A42200000
(1789379640.900263) can0 706#283FB33333431600
(1789379640.900569) can0 706#2900412000004040
(1789379640.900789) can0 706#2A00003F8000003F
(1789379640.901547) can0 706#2B8000003ECCCCCD
(1789379640.905045) can0 706#2C3F4CCCCD3DCCCC
(1789379640.905309) can0 706#2DCD3F80000042A0
(1789379640.905584) can0 706#2E00004248000043
(1789379640.905814) can0 706#2F34000042DC0000
(1789379640.907500) can0 706#2040A00000404000
(1789379640.907747) can0 706#210040A000004040
(1789379640.908020) can0 706#2200004040000040
(1789379640.908274) can0 706#23A000004614FFFF
(1789379640.908554) can0 706#2440400000400000
(1789379640.908815) can0 706#2500C00000004120
(1789379640.909357) can0 706#2600003F80000040
(1789379640.909768) can0 706#27A000003CA3D70A
(1789379640.910033) can0 706#2840000000408000
(1789379640.910334) can0 706#290040C000004000
(1789379640.910581) can0 706#2A00003F0000003E
(1789379640.911047) can0 706#2BC28F5C42480000
(1789379640.911316) can0 706#2C3F000000427000
(1789379640.911803) can0 706#2D00412000004040
(1789379640.912071) can0 706#2E00003F8000003F
(1789379640.912328) can0 706#2F8000003ECCCCCD
(1789379640.912588) can0 706#203ECCCCCD3DCCCC
(1789379640.912836) can0 706#21CD3F4CCCCD42A0
(1789379640.913106) can0 706#2200004248000043
(1789379640.913360) can0 706#2334000042DC0000
(1789379640.913613) can0 706#2440A00000404000
(1789379640.913884) can0 706#250040A000004040
(1789379640.915290) can0 706#2600004040000040
(1789379640.919843) can0 706#27A000004614FFFF
(1789379640.920122) can0 706#2840400000400000
(1789379640.920377) can0 706#2900C00000004120
(1789379640.926059) can0 706#2A00003F80000040
(1789379640.926298) can0 706#2BA000003CA3D70A
(1789379640.926554) can0 706#2C40000000408000
(1789379640.926824) can0 706#2D0040C000004000
(1789379640.927102) can0 706#2E00003F0000003E
(1789379640.927359) can0 706#2FC28F5C42480000
(1789379640.927625) can0 706#203F000000427000
(1789379640.927909) can0 706#2100412000004040
(1789379640.928147) can0 706#2200003F8000003F
(1789379640.928416) can0 706#238000003ECCCCCD
(1789379640.928664) can0 706#243ECCCCCD3DCCCC
(1789379640.929135) can0 706#25CD3F4CCCCD42A0
(1789379640.929409) can0 706#2600004248000043
(1789379640.929674) can0 706#2734000042DC0000
(1789379640.929935) can0 706#2840A00000404000
(1789379640.930194) can0 706#290040A000004040
(1789379640.930899) can0 706#2A00004040000040
(1789379640.931382) can0 706#2BA000004614FFFF
(1789379640.931653) can0 706#2C40400000400000
(1789379640.931912) can0 706#2D00C00000004120
(1789379640.932165) can0 706#2E00003F80000040
(1789379640.932431) can0 706#2FA000003CA3D70A
(1789379640.932934) can0 706#2040000000408000
(1789379640.934835) can0 706#210040C000004000
(1789379640.935094) can0 706#2200003F0000003E
(1789379640.939854) can0 706#23C28F5C42480000
(1789379640.940331) can0 706#243F000000427000
(1789379640.940602) can0 706#2500412000004040
(1789379640.943687) can0 706#2600003F8000003F
(1789379640.944151) can0 706#278000003ECCCCCD
(1789379640.944399) can0 706#283ECCCCCD3DCCCC
(1789379640.944652) can0 706#29CD3F4CCCCD426E
(1789379640.944888) can0 706#2A6666421428F643
(1789379640.946304) can0 706#2B3F000042EF0000
(1789379640.946570) can0 706#2C40A00000404000
(1789379640.946817) can0 706#2D0040A000004040
(1789379640.947069) can0 706#2E0000402CCCCD40
(1789379640.947333) can0 706#2FE333334614FFFF
(1789379640.947607) can0 706#20406000003FA666
(1789379640.947867) can0 706#2166C00000003F80
(1789379640.948140) can0 706#2200004026666640
(1789379640.948820) can0 706#2333333340400000
(1789379640.949102) can0 706#2440600000408000
(1789379640.949389) can0 706#2500BE800000BE80
(1789379640.949616) can0 706#260000BE4CCCCDBE
(1789379640.950366) can0 706#27051EB8BD4CCCCD
(1789379640.951030) can0 706#2840266666403333
(1789379640.951342) can0 706#2933404000004060
(1789379640.951543) can0 706#2A000040800000BE
(1789379640.951796) can0 706#2BB33333BEB33333
(1789379640.952052) can0 706#2CBEB33333BEB333
(1789379640.952318) can0 706#2D33BEB333333E80
(1789379640.952562) can0 706#2E00003E4CCCCDBD
(1789379640.952820) can0 706#2FCCCCCD3E4CCCCD
(1789379640.954683) can0 706#203DCCCCCD3DCCCC
(1789379640.958991) can0 706#21CD3DCCCCCD4026
(1789379640.959245) can0 706#2266664033333340
(1789379640.959492) can0 706#2340000040600000
(1789379640.960197) can0 706#24408000003E4CCC
(1789379640.963503) can0 706#25CD3E99999A3ECC
(1789379640.963767) can0 706#26CCCD3F0000003F
(1789379640.964035) can0 706#2719999A3DCCCCCD
(1789379640.964273) can0 706#2842F00000402666
(1789379640.965988) can0 706#2966403333334040
(1789379640.966204) can0 706#2A00004060000040
(1789379640.966473) can0 706#2B800000BDCCCCCD
(1789379640.966716) can0 706#2CBD4CCCCD000000
(1789379640.966988) can0 706#2D003D8F5C293E19
(1789379640.967243) can0 706#2E999A4026666640
(1789379640.967504) can0 706#2F33333340400000
(1789379640.967775) can0 706#2040600000408000
(1789379640.968242) can0 706#2100BE99999ABE99
(1789379640.968498) can0 706#22999ABE99999ABE
(1789379640.968763) can0 706#2399999ABE99999A
(1789379640.969014) can0 706#243E8000003E4CCC
(1789379640.969726) can0 706#25CDBDCCCCCD3E4C
(1789379640.969961) can0 706#26CCCD3DCCCCCD3D
(1789379640.970661) can0 706#27CCCCCD3DCCCCCD
(1789379640.970924) can0 706#2840266666403333
(1789379640.971187) can0 706#2933404000004060
(1789379640.971445) can0 706#2A0000408000003E
(1789379640.971708) can0 706#2B4CCCCD3E99999A
(1789379640.971962) can0 706#2C3ECCCCCD3F0000
(1789379640.972201) can0 706#2D003F19999A3DCC
(1789379640.974079) can0 706#2ECCCD42F0000040
(1789379640.977434) can0 706#2F79999A3DCCCCCD
(1789379640.977706) can0 706#2040266666403333
(1789379640.978376) can0 706#2133404000004060
(1789379640.978686) can0 706#22000040800000BF
(1789379640.978902) can0 706#23000000BF000000
(1789379640.979658) can0 706#24BF000000BF0000
(1789379640.983894) can0 706#2500BF0000004026
(1789379640.984601) can0 706#2666664033333340
(1789379640.984874) can0 706#2740000040600000
(1789379640.985131) can0 706#2840800000BF1999
(1789379640.985384) can0 706#299ABF19999ABF19
(1789379640.985632) can0 706#2A999ABF19999ABF
(1789379640.985870) can0 706#2B19999A3DCCCCCD
(1789379640.986120) can0 706#2C3E4CCCCDBE4CCC
(1789379640.986372) can0 706#2DCD3E4CCCCD3DCC
(1789379640.986632) can0 706#2ECCCD3DCCCCCD3D
(1789379640.986858) can0 706#2FCCCCCD40266666
(1789379640.987118) can0 706#2040333333404000
(1789379640.987380) can0 706#2100406000004080
(1789379640.987852) can0 706#2200003E4CCCCD3E
(1789379640.988107) can0 706#2399999A3ECCCCCD
(1789379640.988447) can0 706#243F0000003F1999
(1789379640.988634) can0 706#259A3DCCCCCD42F0
(1789379640.989322) can0 706#2600004026666640
(1789379640.989805) can0 706#2733333340400000
(1789379640.990064) can0 706#2840600000408000
(1789379640.990407) can0 706#2900BF000000BF00
(1789379640.990603) can0 706#2A0000BF000000BF
(1789379640.990868) can0 706#2B000000BF000000
(1789379640.991112) can0 706#2C40266666403333
(1789379640.991596) can0 706#2D33404000004060
(1789379640.993234) can0 706#2E000040800000BF
(1789379641.003213) can0 706#2F19999ABF19999A
(1789379641.003464) can0 706#20BF19999ABF1999
(1789379641.004403) can0 706#219ABF19999A3DCC
(1789379641.004651) can0 706#22CCCD3E4CCCCDBE
(1789379641.004917) can0 706#234CCCCD3E4CCCCD
(1789379641.005160) can0 706#243DCCCCCD3DCCCC
(1789379641.005401) can0 706#25CD3DCCCCCD4026
(1789379641.005649) can0 706#2666664033333340
(1789379641.005926) can0 706#2740000040600000
(1789379641.006185) can0 706#28408000003E4CCC
(1789379641.006418) can0 706#29CD3E99999A3ECC
(1789379641.006687) can0 706#2ACCCD3F0000003F
(1789379641.007389) can0 706#2B19999A3DCCCCCD
(1789379641.007654) can0 706#2C42F00000426E66
(1789379641.007898) can0 706#2D66421428F6433F
(1789379641.008174) can0 706#2E000042EF000040
(1789379641.008883) can0 706#2F89999A40400000
(1789379641.009609) can0 706#2040A00000404000
(1789379641.009850) can0 706#2100402CCCCD40E3
(1789379641.010133) can0 706#2233334614FFFF40
(1789379641.010390) can0 706#236000003FA66666
(1789379641.010656) can0 706#24C00000003F8000
(1789379641.010930) can0 706#2500402666664033
(1789379641.011163) can0 706#2633334040000040
(1789379641.011441) can0 706#2760000040800000
(1789379641.013332) can0 706#28BE800000BE8000
(1789379641.016475) can0 706#2900BE4CCCCDBE05
(1789379641.016719) can0 706#2A1EB8BD4CCCCD40
(1789379641.017167) can0 706#2B26666640333333
(1789379641.017429) can0 706#2C40400000406000
(1789379641.017685) can0 706#2D0040800000BEB3
(1789379641.017961) can0 706#2E3333BEB33333BE
(1789379641.018881) can0 706#2FB33333BEB33333
(1789379641.022883) can0 706#20BEB333333E8000
(1789379641.023150) can0 706#21003E4CCCCDBDCC
(1789379641.025043) can0 706#22CCCD3E4CCCCD3D
(1789379641.025303) can0 706#23CCCCCD3DCCCCCD
(1789379641.025616) can0 706#243DCCCCCD402666
(1789379641.025810) can0 706#2566403333334040
(1789379641.026080) can0 706#2600004060000040
(1789379641.026334) can0 706#278000003E4CCCCD
(1789379641.026599) can0 706#283E99999A3ECCCC
(1789379641.027305) can0 706#29CD3F0000003F19
(1789379641.027583) can0 706#2A999A3DCCCCCD42
(1789379641.027823) can0 706#2BF0000040266666
(1789379641.028290) can0 706#2C40333333404000
(1789379641.028569) can0 706#2D00406000004080
(1789379641.029020) can0 706#2E0000BDCCCCCDBD
(1789379641.029293) can0 706#2F4CCCCD00000000
(1789379641.029567) can0 706#203D8F5C293E1999
(1789379641.029814) can0 706#219A402666664033
(1789379641.030088) can0 706#2233334040000040
(1789379641.030359) can0 706#2360000040800000
(1789379641.030614) can0 706#24BE99999ABE9999
(1789379641.030845) can0 706#259ABE99999ABE99
(1789379641.032735) can0 706#26999ABE99999A3E
(1789379641.037058) can0 706#278000003E4CCCCD
(1789379641.037376) can0 706#28BDCCCCCD3E4CCC
(1789379641.037554) can0 706#29CD3DCCCCCD3DCC
(1789379641.038257) can0 706#2ACCCD3DCCCCCD40
(1789379641.038509) can0 706#2B26666640333333
(1789379641.042314) can0 706#2C40400000406000
(1789379641.042701) can0 706#2D00408000003E4C
(1789379641.043767) can0 706#2ECCCD3E99999A3E
(1789379641.044044) can0 706#2FCCCCCD3F000000
(1789379641.044288) can0 706#203F19999A3DCCCC
(1789379641.044557) can0 706#21CD42F000004079
(1789379641.044791) can0 706#22999A3DCCCCCD40
(1789379641.045049) can0 706#2326666640333333
(1789379641.045310) can0 706#2440400000406000
(1789379641.045566) can0 706#250040800000BF00
(1789379641.045840) can0 706#260000BF000000BF
(1789379641.046783) can0 706#27000000BF000000
(1789379641.047055) can0 706#28BF000000402666
(1789379641.047321) can0 706#2966403333334040
(1789379641.048033) can0 706#2A00004060000040
(1789379641.048293) can0 706#2B800000BF19999A
(1789379641.048762) can0 706#2CBF19999ABF1999
(1789379641.049015) can0 706#2D9ABF19999ABF19
(1789379641.049268) can0 706#2E999A3DCCCCCD3E
(1789379641.049504) can0 706#2F4CCCCDBE4CCCCD
(1789379641.049762) can0 706#203E4CCCCD3DCCCC
(1789379641.050219) can0 706#21CD3DCCCCCD3DCC
(1789379641.051857) can0 706#22CCCD4026666640
(1789379641.052129) can0 706#2333333340400000
(1789379641.052396) can0 706#2440600000408000
(1789379641.057184) can0 706#25003E4CCCCD3E99
(1789379641.057650) can0 706#26999A3ECCCCCD3F
(1789379641.057937) can0 706#270000003F19999A
(1789379641.060514) can0 706#283DCCCCCD42F000
(1789379641.061450) can0 706#2900402666664033
(1789379641.061709) can0 706#2A33334040000040
(1789379641.061986) can0 706#2B60000040800000
(1789379641.062241) can0 706#2CBF000000BF0000
(1789379641.063188) can0 706#2D00BF000000BF00
(1789379641.063462) can0 706#2E0000BF00000040
(1789379641.063712) can0 706#2F26666640333333
(1789379641.063994) can0 706#2040400000406000
(1789379641.064272) can0 706#210040800000BF19
(1789379641.064520) can0 706#22999ABF19999ABF
(1789379641.064797) can0 706#2319999ABF19999A
(1789379641.065013) can0 706#24BF19999A3DCCCC
(1789379641.065286) can0 706#25CD3E4CCCCDBE4C
(1789379641.065519) can0 706#26CCCD3E4CCCCD3D
(1789379641.065794) can0 706#27CCCCCD3DCCCCCD
(1789379641.066274) can0 706#283DCCCCCD402666
(1789379641.066511) can0 706#2966403333334040
(1789379641.066785) can0 706#2A00004060000040
(1789379641.067150) can0 706#2B8000003E4CCCCD
(1789379641.068709) can0 706#2C3E99999A3ECCCC
(1789379641.068947) can0 706#2DCD3F0000003F19
(1789379641.069208) can0 706#2E999A3DCCCCCD42
(1789379641.069461) can0 706#2FF0000042813333
(1789379641.069725) can0 706#20421428F6433F00
(1789379641.069990) can0 706#210042EF000040A0
(1789379641.076442) can0 706#2200004040000040
(1789379641.076709) can0 706#23A0000040400000
(1789379641.077412) can0 706#24402CCCCD40E333
(1789379641.077689) can0 706#25334614FFFF4060
(1789379641.081253) can0 706#2600003FA66666C0
(1789379641.081508) can0 706#270000003F800000
(1789379641.081892) can0 706#2840266666403333
(1789379641.083446) can0 706#2933404000004060
(1789379641.083715) can0 706#2A000040800000BE
(1789379641.083986) can0 706#2B800000BE800000
(1789379641.084235) can0 706#2CBE4CCCCDBE051E
(1789379641.084492) can0 706#2DB8BD4CCCCD4026
(1789379641.084735) can0 706#2E66664033333340
(1789379641.084990) can0 706#2F40000040600000
(1789379641.085256) can0 706#2040800000BEB333
(1789379641.085731) can0 706#2133BEB33333BEB3
(1789379641.085986) can0 706#223333BEB33333BE
(1789379641.086247) can0 706#23B333333E800000
(1789379641.086516) can0 706#243E4CCCCDBDCCCC
(1789379641.086983) can0 706#25CD3E4CCCCD3DCC
(1789379641.087228) can0 706#26CCCD3DCCCCCD3D
(1789379641.087700) can0 706#27CCCCCD40266666
(1789379641.087975) can0 706#2840333333404000
(1789379641.088295) can0 706#2900406000004080
(1789379641.088501) can0 706#2A00003E4CCCCD3E
(1789379641.088750) can0 706#2B99999A3ECCCCCD
(1789379641.089009) can0 706#2C3F0000003F1999
(1789379641.089274) can0 706#2D9A3DCCCCCD42F0
(1789379641.089511) can0 706#2E00004026666640
(1789379641.089777) can0 706#2F33333340400000
(1789379641.091233) can0 706#2040600000408000
(1789379641.091669) can0 706#2100BDCCCCCDBD4C
(1789379641.095971) can0 706#22CCCD000000003D
(1789379641.096215) can0 706#238F5C293E19999A
(1789379641.096458) can0 706#2440266666403333
(1789379641.097164) can0 706#2533404000004060
(1789379641.101206) can0 706#26000040800000BE
(1789379641.101441) can0 706#2799999ABE99999A
(1789379641.102163) can0 706#28BE99999ABE9999
(1789379641.102390) can0 706#299ABE99999A3E80
(1789379641.102651) can0 706#2A00003E4CCCCDBD
(1789379641.102892) can0 706#2BCCCCCD3E4CCCCD
(1789379641.103165) can0 706#2C3DCCCCCD3DCCCC
(1789379641.103409) can0 706#2DCD3DCCCCCD4026
(1789379641.103669) can0 706#2E66664033333340
(1789379641.103968) can0 706#2F40000040600000
(1789379641.104195) can0 706#20408000003E4CCC
(1789379641.104454) can0 706#21CD3E99999A3ECC
(1789379641.104943) can0 706#22CCCD3F0000003F
(1789379641.105392) can0 706#2319999A3DCCCCCD
(1789379641.105662) can0 706#2442F00000407999
(1789379641.105918) can0 706#259A3DCCCCCD4026
(1789379641.106158) can0 706#2666664033333340
(1789379641.106902) can0 706#2740000040600000
(1789379641.107361) can0 706#2840800000BF0000
(1789379641.107612) can0 706#2900BF000000BF00
(1789379641.107887) can0 706#2A0000BF000000BF
(1789379641.108141) can0 706#2B00000040266666
(1789379641.108412) can0 706#2C40333333404000
(1789379641.108681) can0 706#2D00406000004080
(1789379641.109379) can0 706#2E0000BF19999ABF
(1789379641.110818) can0 706#2F19999ABF19999A
(1789379641.111262) can0 706#20BF19999ABF1999
(1789379641.120792) can0 706#219A3DCCCCCD3E4C
(1789379641.121042) can0 706#22CCCDBE4CCCCD3E
(1789379641.121985) can0 706#234CCCCD3DCCCCCD
(1789379641.122244) can0 706#243DCCCCCD3DCCCC
(1789379641.122571) can0 706#25CD402666664033
(1789379641.122761) can0 706#2633334040000040
(1789379641.123023) can0 706#2760000040800000
(1789379641.123279) can0 706#283E4CCCCD3E9999
(1789379641.123550) can0 706#299A3ECCCCCD3F00
(1789379641.123792) can0 706#2A00003F19999A3D
(1789379641.124067) can0 706#2BCCCCCD42F00000
(1789379641.124307) can0 706#2C40266666403333
(1789379641.124778) can0 706#2D33404000004060
(1789379641.125060) can0 706#2E000040800000BF
(1789379641.125331) can0 706#2F000000BF000000
(1789379641.125594) can0 706#20BF000000BF0000
(1789379641.125853) can0 706#2100BF0000004026
(1789379641.126556) can0 706#2266664033333340
(1789379641.127263) can0 706#2340000040600000
(1789379641.127528) can0 706#2440800000BF1999
(1789379641.127798) can0 706#259ABF19999ABF19
(1789379641.128047) can0 706#26999ABF19999ABF
(1789379641.128295) can0 706#2719999A3DCCCCCD
(1789379641.128544) can0 706#283E4CCCCDBE4CCC
(1789379641.128779) can0 706#29CD3E4CCCCD3DCC
(1789379641.130654) can0 706#2ACCCD3DCCCCCD3D
(1789379641.133786) can0 706#2BCCCCCD40266666
(1789379641.134047) can0 706#2C40333333404000
(1789379641.134509) can0 706#2D00406000004080
(1789379641.134773) can0 706#2E00003E4CCCCD3E
(1789379641.135030) can0 706#2F99999A3ECCCCCD
(1789379641.135301) can0 706#203F0000003F1999
(1789379641.135533) can0 706#219A3DCCCCCD42F0
(1789379641.136280) can0 706#2200004272666642
(1789379641.139787) can0 706#231428F6433F0000
(1789379641.140047) can0 706#2442EF000040A000
(1789379641.140307) can0 706#25004040000040A0
(1789379641.140554) can0 706#2600004040000040
(1789379641.142694) can0 706#272CCCCD40E33333
(1789379641.142966) can0 706#284614FFFF406000
(1789379641.143226) can0 706#29003FA66666C000
(1789379641.143469) can0 706#2A00003F80000040
(1789379641.143729) can0 706#2B26666640333333
(1789379641.143994) can0 706#2C40400000406000
(1789379641.144697) can0 706#2D0040800000BE80
(1789379641.144973) can0 706#2E0000BE800000BE
(1789379641.145226) can0 706#2F4CCCCDBE051EB8
(1789379641.145678) can0 706#20BD4CCCCD402666
(1789379641.145945) can0 706#2166403333334040
(1789379641.146212) can0 706#2200004060000040
(1789379641.146675) can0 706#23800000BEB33333
(1789379641.146938) can0 706#24BEB33333BEB333
(1789379641.147207) can0 706#2533BEB33333BEB3
(1789379641.147441) can0 706#2633333E8000003E
(1789379641.147701) can0 706#274CCCCDBDCCCCCD
(1789379641.147943) can0 706#283E4CCCCD3DCCCC
(1789379641.148220) can0 706#29CD3DCCCCCD3DCC
(1789379641.148457) can0 706#2ACCCD4026666640
(1789379641.149888) can0 706#2B33333340400000
(1789379641.150369) can0 706#2C40600000408000
(1789379641.154922) can0 706#2D003E4CCCCD3E99
(1789379641.155178) can0 706#2E999A3ECCCCCD3F
(1789379641.155894) can0 706#2F0000003F19999A
(1789379641.159676) can0 706#203DCCCCCD42F000
(1789379641.159952) can0 706#2100402666664033
(1789379641.160214) can0 706#2233334040000040
(1789379641.160937) can0 706#2360000040800000
(1789379641.161183) can0 706#24BDCCCCCDBD4CCC
(1789379641.161459) can0 706#25CD000000003D8F
(1789379641.161741) can0 706#265C293E19999A40
(1789379641.161963) can0 706#2726666640333333
(1789379641.162228) can0 706#2840400000406000
(1789379641.162497) can0 706#290040800000BE99
(1789379641.162757) can0 706#2A999ABE99999ABE
(1789379641.162995) can0 706#2B99999ABE99999A
(1789379641.163255) can0 706#2CBE99999A3E8000
(1789379641.163522) can0 706#2D003E4CCCCDBDCC
(1789379641.163762) can0 706#2ECCCD3E4CCCCD3D
(1789379641.164234) can0 706#2FCCCCCD3DCCCCCD
(1789379641.164487) can0 706#203DCCCCCD402666
(1789379641.164741) can0 706#2166403333334040
(1789379641.165011) can0 706#2200004060000040
(1789379641.166197) can0 706#238000003E4CCCCD
(1789379641.166662) can0 706#243E99999A3ECCCC
(1789379641.166910) can0 706#25CD3F0000003F19
(1789379641.167174) can0 706#26999A3DCCCCCD42
(1789379641.167416) can0 706#27F000004079999A
(1789379641.167909) can0 706#283DCCCCCD402666
(1789379641.179520) can0 706#2966403333334040
(1789379641.179757) can0 706#2A00004060000040
(1789379641.180723) can0 706#2B800000BF000000
(1789379641.180996) can0 706#2CBF000000BF0000
(1789379641.181332) can0 706#2D00BF000000BF00
(1789379641.181515) can0 706#2E00004026666640
(1789379641.181783) can0 706#2F33333340400000
(1789379641.182050) can0 706#2040600000408000
(1789379641.182313) can0 706#2100BF19999ABF19
(1789379641.182562) can0 706#22999ABF19999ABF
(1789379641.182809) can0 706#2319999ABF19999A
(1789379641.183071) can0 706#243DCCCCCD3E4CCC
(1789379641.183776) can0 706#25CDBE4CCCCD3E4C
(1789379641.184038) can0 706#26CCCD3DCCCCCD3D
(1789379641.184302) can0 706#27CCCCCD3DCCCCCD
(1789379641.184544) can0 706#2840266666403333
(1789379641.185269) can0 706#2933404000004060
(1789379641.185978) can0 706#2A0000408000003E
(1789379641.186253) can0 706#2B4CCCCD3E99999A
(1789379641.186499) can0 706#2C3ECCCCCD3F0000
(1789379641.186761) can0 706#2D003F19999A3DCC
(1789379641.187028) can0 706#2ECCCD42F0000040
(1789379641.187265) can0 706#2F26666640333333
(1789379641.187542) can0 706#2040400000406000
(1789379641.198508) can0 706#210040800000BF00
(1789379641.198780) can0 706#220000BF000000BF
(1789379641.199035) can0 706#23000000BF000000
(1789379641.199297) can0 706#24BF000000402666
(1789379641.201187) can0 706#2566403333334040
(1789379641.201459) can0 706#2600004060000040
(1789379641.201724) can0 706#27800000BF19999A
(1789379641.201972) can0 706#28BF19999ABF1999
(1789379641.202233) can0 706#299A000000000000
(1789379641.205380) can0 70E#037F367800000000
(1789379641.257545) can0 70E#0276040000000000
(1789379641.259670) can0 706#14363605BF19999A
(1789379641.259881) can0 70E#3000000000000000
(1789379641.261884) can0 706#21BF19999A3DCCCC
(1789379641.262119) can0 706#22CD3E4CCCCDBE4C
(1789379641.262357) can0 706#23CCCD3E4CCCCD3D
(1789379641.262608) can0 706#24CCCCCD3DCCCCCD
(1789379641.262847) can0 706#253DCCCCCD402666
(1789379641.263587) can0 706#2666403333334040
(1789379641.264039) can0 706#2700004060000040
(1789379641.264283) can0 706#288000003E4CCCCD
(1789379641.264744) can0 706#293E99999A3ECCCC
(1789379641.264982) can0 706#2ACD3F0000003F19
(1789379641.265209) can0 706#2B999A3DCCCCCD42
(1789379641.265442) can0 706#2CF000003F19999A
(1789379641.265691) can0 706#2D3F19999A3F1999
(1789379641.265910) can0 706#2E9A3F19999A3F19
(1789379641.272401) can0 706#2F999A3F19999A3F
(1789379641.272594) can0 706#2019999A3F19999A
(1789379641.273288) can0 706#213F19999A3F1999
(1789379641.273524) can0 706#229A3F19999A3F19
(1789379641.277560) can0 706#23999A3F19999A3F
(1789379641.278277) can0 706#2419999A3F19999A
(1789379641.278516) can0 706#253F19999A3F1999
(1789379641.278743) can0 706#269A3F19999A3F19
(1789379641.278986) can0 706#27999A3F19999A3F
(1789379641.279261) can0 706#2819999A3F19999A
(1789379641.279442) can0 706#293F19999A3F1999
(1789379641.279677) can0 706#2A9A3F19999A3F19
(1789379641.279910) can0 706#2B999A3F19999A3F
(1789379641.280149) can0 706#2C19999A3F19999A
(1789379641.280405) can0 706#2D3F19999A3F1999
(1789379641.280656) can0 706#2E9A3F19999A3F19
(1789379641.280919) can0 706#2F999A3F19999A0A
(1789379641.281211) can0 706#20FFFFFF3F000000
(1789379641.281683) can0 706#2101FFFFFF000000
(1789379641.281937) can0 706#2200138813881388
(1789379641.282200) can0 706#2313881388138813
(1789379641.282457) can0 706#2488FFFF42C80000
(1789379641.283174) can0 706#254348000042C800
(1789379641.283641) can0 706#26004348000042C8
(1789379641.283902) can0 706#2700004348000043
(1789379641.284188) can0 706#2848000043C80000
(1789379641.284434) can0 706#294348000043C800
(1789379641.284703) can0 706#2A004348000043C8
(1789379641.284971) can0 706#2B00004348000043
(1789379641.285454) can0 706#2CC8000043960000
(1789379641.287108) can0 706#2D44160000439600
(1789379641.296394) can0 706#2E00441600004416
(1789379641.296658) can0 706#2F00004496000044
(1789379641.296920) can0 706#2016000044960000
(1789379641.297176) can0 706#21442F000044AF00
(1789379641.298131) can0 706#2200442F000044AF
(1789379641.298408) can0 706#2300004448000044
(1789379641.298668) can0 706#24C8000044480000
(1789379641.298922) can0 706#2544C80000448980
(1789379641.299181) can0 706#2600450980004489
(1789379641.299433) can0 706#2780004509800044
(1789379641.299708) can0 706#28A2800045228000
(1789379641.299976) can0 706#2944A28000452280
(1789379641.300216) can0 706#2A0044BB8000458C
(1789379641.300478) can0 706#2BA00044BB800045
(1789379641.301205) can0 706#2C8CA00045098000
(1789379641.301450) can0 706#2D45CE4000450980
(1789379641.301785) can0 706#2E0045CE40004516
(1789379641.301974) can0 706#2F000045E1000045
(1789379641.302759) can0 706#2016000045E10000
(1789379641.303395) can0 706#214522800045F3C0
(1789379641.303653) can0 706#22004522800045F3
(1789379641.303918) can0 706#23C000452F000046
(1789379641.304173) can0 706#24034000452F0000
(1789379641.304447) can0 706#2546034000452F00
(1789379641.304722) can0 706#260046034000452F
(1789379641.304977) can0 706#2700004603400045
(1789379641.306860) can0 706#282F000046034000
(1789379641.310945) can0 706#29452F0000460340
(1789379641.311212) can0 706#2A00452F00004603
(1789379641.311469) can0 706#2B4000452F000046
(1789379641.311742) can0 706#2C034000452F0000
(1789379641.312685) can0 706#2D46034000448980
(1789379641.316465) can0 706#2E004509800042C8
(1789379641.316724) can0 706#2F00004348000042
(1789379641.318428) can0 706#20C8000043480000
(1789379641.318664) can0 706#214348000043C800
(1789379641.318923) can0 706#22004348000043C8
(1789379641.319192) can0 706#2300004396000044
(1789379641.319461) can0 706#2416000044160000
(1789379641.319713) can0 706#2544960000441600
(1789379641.319982) can0 706#260044960000442F
(1789379641.320236) can0 706#27000044AF000044
(1789379641.320943) can0 706#2848000044C80000
(1789379641.321210) can0 706#2944A28000452280
(1789379641.321464) can0 706#2A0044A280004522
(1789379641.321714) can0 706#2B800044BB800045
(1789379641.322182) can0 706#2C8CA00044D48000
(1789379641.322431) can0 706#2D459F600044FA00
(1789379641.322908) can0 706#2E0045BB80004448
(1789379641.323174) can0 706#2F000044C8000044
(1789379641.323429) can0 706#2089800045098000
(1789379641.323681) can0 706#2144898000450980
(1789379641.323929) can0 706#220044A280004522
(1789379641.324190) can0 706#23800044A2800045
(1789379641.324466) can0 706#2422800044BB8000
(1789379641.324704) can0 706#25458CA00044BB80
(1789379641.326366) can0 706#2600458CA0004509
(1789379641.326614) can0 706#27800045CE400045
(1789379641.329981) can0 706#2809800045CE4000
(1789379641.330436) can0 706#294516000045E100
(1789379641.330702) can0 706#2A004516000045E1
(1789379641.330951) can0 706#2B00004522800045
(1789379641.331220) can0 706#2CF3C00045228000
(1789379641.331492) can0 706#2D45F3C000452F00
(1789379641.332199) can0 706#2E0046034000452F
(1789379641.336224) can0 706#2F00004603400045
(1789379641.336485) can0 706#202F000046034000
(1789379641.337447) can0 706#21452F0000460340
(1789379641.337706) can0 706#2200452F00004603
(1789379641.338014) can0 706#234000452F000046
(1789379641.338438) can0 706#24034000452F0000
(1789379641.338691) can0 706#2546034000452F00
(1789379641.338993) can0 706#260046034000452F
(1789379641.339231) can0 706#2700004603400044
(1789379641.339495) can0 706#2889800045098000
(1789379641.339756) can0 706#29003C32001E1414
(1789379641.340456) can0 706#2A141419191E1E1E
(1789379641.340720) can0 706#2B1E1E1E1E0A0F0F
(1789379641.340982) can0 706#2C14141400320032
(1789379641.341248) can0 706#2D004B0064009600
(1789379641.341955) can0 706#2EFA012C012C015E
(1789379641.342423) can0 706#2F01F4025802BC03
(1789379641.342682) can0 706#20200032009600C8
(1789379641.342951) can0 706#21012C01F402BC00
(1789379641.343213) can0 706#220300FA00C80F0A
(1789379641.343458) can0 706#233214014A010100
(1789379641.343732) can0 706#246400013F800000
(1789379641.344210) can0 706#250032000A01F400
(1789379641.346092) can0 706#2632010100004600
(1789379641.354240) can0 706#270000000073AC00
(1789379641.355181) can0 706#2800741C30A01038
(1789379641.355460) can0 706#2900001020000004
(1789379641.355714) can0 706#2A080000000030A0
(1789379641.355980) can0 706#2B10580000068000
(1789379641.356935) can0 706#2C0001A000000000
(1789379641.357196) can0 706#2D30A01098000000
(1789379641.357468) can0 706#2E24000000240000
(1789379641.357732) can0 706#2F000030A0108800
(1789379641.357980) can0 706#2000020000000080
(1789379641.358247) can0 706#210000000030A010
(1789379641.358579) can0 706#2268000002300000
(1789379641.358779) can0 706#23008C0000000030
(1789379641.359040) can0 706#24A0104800000AD0
(1789379641.359307) can0 706#25000002B4000000
(1789379641.359817) can0 706#260030A010780000
(1789379641.360086) can0 706#27035C0000035C00
(1789379641.360358) can0 706#28000000B0F0FFFF
(1789379641.360606) can0 706#2970FC9C56B0F0FF
(1789379641.360867) can0 706#2AFF000000000000
(1789379641.365783) can0 70E#037F367800000000
(1789379641.377392) can0 70E#0276050000000000
(1789379641.378970) can0 7DF#023E800000000000
(1789379641.436375) can0 706#0137000000000000
(1789379641.440378) can0 70E#037F377800000000
(1789379641.706826) can0 70E#037752E700000000
(1789379642.749144) can0 706#0431010304000000
(1789379642.750489) can0 70E#0671010304100200
(1789379643.007829) can0 706#0211010000000000
(1789379643.010483) can0 70E#0251010000000000
