(1789379692.117976) can0 706#0322F11300000000
(1789379692.127750) can0 70E#101B62F113424D35
(1789379692.137488) can0 706#3000000000000000
(1789379692.147165) can0 70E#21542D3139483430
(1789379692.158194) can0 70E#22362D4147000000
(1789379692.167440) can0 70E#2300000000000000
(1789379692.280627) can0 706#0322F18800000000
(1789379692.299327) can0 70E#101B62F188435634
(1789379692.301783) can0 706#3000000000000000
(1789379692.307617) can0 70E#21542D3134463339
(1789379692.316687) can0 70E#22372D4146000000
(1789379692.326934) can0 70E#2300000000000000
(1789379698.036395) can0 706#0210020000000000
(1789379698.043792) can0 70E#065002001901F400
(1789379699.095102) can0 706#0227010000000000
(1789379699.096783) can0 70E#05670150E4BE0000
(1789379699.099512) can0 706#05270241C1BA0000
(1789379699.100794) can0 70E#0267020000000000
(1789379699.297371) can0 706#100B340044008200
(1789379699.298593) can0 70E#3000000000000000
(1789379699.299860) can0 706#2100000013300000
(1789379699.302679) can0 70E#0474200FFF000000
(1789379699.314012) can0 706#1FFF3601426F6F74
(1789379699.314278) can0 70E#3000000000000000
(1789379699.316463) can0 706#214E666F00005C13
(1789379699.316727) can0 706#220CAA5AA555412E
(1789379699.316957) can0 706#23442E432E5F4352
(1789379699.317233) can0 706#2443737400820000
(1789379699.319142) can0 706#250082132F31B60A
(1789379699.319384) can0 706#2617435346322A00
(1789379699.319621) can0 706#27000047454E4552
(1789379699.319873) can0 706#28414C3030303031
(1789379699.320112) can0 706#29FF090214FF0E1B
(1789379699.320595) can0 706#2A16020201FF0082
(1789379699.320825) can0 706#2B11F44D33323139
(1789379699.321104) can0 706#2C32000000311F0A
(1789379699.321346) can0 706#2D00821308E08213
(1789379699.321588) can0 706#2E3020C0F000B090
(1789379699.321857) can0 706#2F0005E080070CE1
(1789379699.322133) can0 706#20821330A6700000
(1789379699.322381) can0 706#21600120411FCEF0
(1789379699.322858) can0 706#2200E080070CE182
(1789379699.323332) can0 706#231330A660000060
(1789379699.323578) can0 706#240020411FCEF000
(1789379699.323826) can0 706#252E7FF000E08213
(1789379699.324074) can0 706#263420C0F000B080
(1789379699.327238) can0 706#270003E082133420
(1789379699.332353) can0 706#28C01EC02EEF1FCE
(1789379699.332826) can0 706#292E7FF000E08213
(1789379699.333552) can0 706#2A3820C0F000B080
(1789379699.334011) can0 706#2B0003E082133820
(1789379699.334510) can0 706#2CC01EC02EEF1FCE
(1789379699.334782) can0 706#2D2E7F7EE5E58212
(1789379699.335260) can0 706#2E5864017EF07EEA
(1789379699.335509) can0 706#2FF0002EEF1FCE4F
(1789379699.335757) can0 706#20FC2E7F7EDFF000
(1789379699.336022) can0 706#21E582125964017E
(1789379699.336254) can0 706#22EA85AF00046401
(1789379699.336525) can0 706#237EEF7EE2F000A0
(1789379699.336755) can0 706#249F00042EEF4F04
(1789379699.337004) can0 706#251FCEF0004FFC28
(1789379699.337277) can0 706#267F2E7FF00088AF
(1789379699.339242) can0 706#27000860012008A4
(1789379699.339488) can0 706#280800017ED1F000
(1789379699.339725) can0 706#29640215887EDCF0
(1789379699.339974) can0 706#2A007ED6F0002EEF
(1789379699.340446) can0 706#2B28EF4F041FCE4F
(1789379699.340682) can0 706#2CFC287F297F1985
(1789379699.340926) can0 706#2D2A7F1A862E7FF0
(1789379699.341226) can0 706#2E0088AF00106003
(1789379699.341413) can0 706#2F200890840010A0
(1789379699.341660) can0 706#2008000190840008
(1789379699.341913) can0 706#21A0080002A40800
(1789379699.342221) can0 706#22037EC0F0006404
(1789379699.342410) can0 706#2315887ECBF00014
(1789379699.342887) can0 706#2489158A7ED0F000
(1789379699.343343) can0 706#257EC3F0002EEF2A
(1789379699.343585) can0 706#26EF29EF28EF4F04
(1789379699.343828) can0 706#271FCE4FFC287F29
(1789379699.344070) can0 706#287F19852A7F1A86
(1789379699.354520) can0 706#292E7FF00088AF00
(1789379699.354763) can0 706#2A10600220089084
(1789379699.355251) can0 706#2B0010A008000190
(1789379699.355500) can0 706#2C840008A0080002
(1789379699.355737) can0 706#2DA40800037EACF0
(1789379699.355990) can0 706#2E00640415887EB7
(1789379699.356238) can0 706#2FF0001489158A7E
(1789379699.356488) can0 706#20B5F0007EAFF000
(1789379699.356707) can0 706#212EEF2AEF29EF28
(1789379699.356959) can0 706#22EF4F041FCE4FFC
(1789379699.357214) can0 706#23287F2E7FF00088
(1789379699.358423) can0 706#24AF000860D82008
(1789379699.358897) can0 706#2590840010A00800
(1789379699.359216) can0 706#260190840008A008
(1789379699.359397) can0 706#270002A40800037E
(1789379699.359633) can0 706#289AF00064041588
(1789379699.359916) can0 706#297EA5F0007E9FF0
(1789379699.360395) can0 706#2A002EEF28EF4F04
(1789379699.360634) can0 706#2B1FCE2E7F7E94E5
(1789379699.361114) can0 706#2C82125A64017E9F
(1789379699.361388) can0 706#2D7E99F0002EEF1F
(1789379699.361619) can0 706#2ECE2E7F7E8FE582
(1789379699.361875) can0 706#2F125B64017E9A7E
(1789379699.362112) can0 706#2094F0002EEF1FCE
(1789379699.362360) can0 706#21E1821334600021
(1789379699.363061) can0 706#22C1B0810008E182
(1789379699.363295) can0 706#23133821C1F000B0
(1789379699.363549) can0 706#24810005E182133C
(1789379699.363785) can0 706#2521C1F000B09100
(1789379699.364036) can0 706#26026001F0005058
(1789379699.366965) can0 706#2750181FCEF000E1
(1789379699.367217) can0 706#28821334E0821338
(1789379699.374054) can0 706#29244125401FCEF0
(1789379699.374777) can0 706#2A002E7F7EEB6000
(1789379699.375512) can0 706#2B2EEF1FCEF00060
(1789379699.375770) can0 706#2C021FCE287F297F
(1789379699.376042) can0 706#2D2A7F2E7FE98213
(1789379699.376312) can0 706#2E40AAC90004805A
(1789379699.376557) can0 706#2F01007D017F029A
(1789379699.376824) can0 706#20F00100158A24C9
(1789379699.377079) can0 706#2188A9000826C87E
(1789379699.377348) can0 706#22A220C900AA81A9
(1789379699.379268) can0 706#230004204920C100
(1789379699.379547) can0 706#242A204120C800AA
(1789379699.379813) can0 706#25204821C1B09100
(1789379699.380071) can0 706#26056600640EE182
(1789379699.380552) can0 706#27133C65052641FE
(1789379699.380812) can0 706#280003BA2EEF2AEF
(1789379699.381059) can0 706#2929EF28EF1FCEF0
(1789379699.381334) can0 706#2A00287F1886297F
(1789379699.381566) can0 706#2B19852A7F2B7F1B
(1789379699.381843) can0 706#2C842E7FEA821340
(1789379699.382097) can0 706#2D7ECFF000B08000
(1789379699.382370) can0 706#2E07284AF000E182
(1789379699.383319) can0 706#2F0284E082133CA9
(1789379699.383551) can0 706#204A0004AB4A0008
(1789379699.384039) can0 706#2121407F04640E65
(1789379699.392316) can0 706#22056601F000FE00
(1789379699.393026) can0 706#2303A72EEF2BEF2A
(1789379699.393490) can0 706#24EF29EF28EF1FCE
(1789379699.393757) can0 706#25287F297F2A7F2E
(1789379699.394031) can0 706#267F91F00100E982
(1789379699.394501) can0 706#27134020C9505850
(1789379699.394774) can0 706#28180120AAC90004
(1789379699.395250) can0 706#290A517D027F02F0
(1789379699.395537) can0 706#2A001A81F000FEFF
(1789379699.395792) can0 706#2BFF5C158A24C988
(1789379699.396044) can0 706#2CA9000826C87E87
(1789379699.396319) can0 706#2D20C900AA2049F0
(1789379699.396558) can0 706#2E0080A9000421C0
(1789379699.396829) can0 706#2F012A214020C800
(1789379699.397082) can0 706#20AA2048E1820394
(1789379699.397350) can0 706#21E082133C21402E
(1789379699.399286) can0 706#22EF2AEF29EF28EF
(1789379699.399542) can0 706#231FCE2E7FF000FE
(1789379699.399807) can0 706#24FFFF5107F07C0C
(1789379699.400787) can0 706#25E082134420C0F0
(1789379699.401044) can0 706#2600B09000066600
(1789379699.401311) can0 706#27640EE182133C65
(1789379699.401553) can0 706#28062641FE000381
(1789379699.401824) can0 706#297F04F000E18203
(1789379699.402085) can0 706#2A30E082133C2140
(1789379699.402347) can0 706#2BF0002EEF1FCE28
(1789379699.402583) can0 706#2C7F1886297F1985
(1789379699.402854) can0 706#2D2A7F2B7F1B842E
(1789379699.403546) can0 706#2E7FEA8213407E94
(1789379699.403828) can0 706#2FF000B080000728
(1789379699.404089) can0 706#204AF000E1820330
(1789379699.412859) can0 706#21E082133CA94A00
(1789379699.413336) can0 706#2204AB4A00082140
(1789379699.413574) can0 706#237F04640E650666
(1789379699.413857) can0 706#2401F000FE00036C
(1789379699.414188) can0 706#252EEF2BEF2AEF29
(1789379699.414587) can0 706#26EF28EF1FCE287F
(1789379699.414858) can0 706#272E7FFEFFFF2F88
(1789379699.415352) can0 706#28C000FF80C0001C
(1789379699.415613) can0 706#29B0800004FEFFFF
(1789379699.415870) can0 706#2A2684C800E3FEFF
(1789379699.416187) can0 706#2BFF33FEFFFF23FE
(1789379699.416409) can0 706#2CFFFF73E1821344
(1789379699.416683) can0 706#2D60002041E18204
(1789379699.416932) can0 706#2E98E082133C2140
(1789379699.417192) can0 706#2F2EEF28EF1FCE28
(1789379699.418679) can0 706#207F2E7FFEFFFF1A
(1789379699.418923) can0 706#21E882134024C8F0
(1789379699.419205) can0 706#2200FEFFFF5920C8
(1789379699.419469) can0 706#23F000E201000000
(1789379699.419723) can0 706#24A22048E0821344
(1789379699.420000) can0 706#2521C001222140F0
(1789379699.420475) can0 706#2600E1820498E082
(1789379699.420735) can0 706#27133C21402EEF28
(1789379699.421210) can0 706#28EF1FCE2E7FF000
(1789379699.421476) can0 706#29FEFFFF1007F07C
(1789379699.421741) can0 706#2A0CE082134420C0
(1789379699.422018) can0 706#2BF000B090000666
(1789379699.422276) can0 706#2C00640EE182133C
(1789379699.422757) can0 706#2D65062641FE0003
(1789379699.423221) can0 706#2E407F04F000E182
(1789379699.423475) can0 706#2F045CE082133C21
(1789379699.423740) can0 706#2040F0002EEF1FCE
(1789379699.424011) can0 706#21287F1885297F2A
(1789379699.434691) can0 706#227F1A842E7FE982
(1789379699.434973) can0 706#231340FEFFFF54B0
(1789379699.435448) can0 706#248000131088F000
(1789379699.435708) can0 706#25E1010000013158
(1789379699.435985) can0 706#265000C12049E001
(1789379699.436272) can0 706#2700000030581008
(1789379699.436516) can0 706#28AA08C0A8490004
(1789379699.436786) can0 706#2920C9F000B09000
(1789379699.437042) can0 706#2A06E0200000A1C9
(1789379699.437317) can0 706#2B0004B1100003E1
(1789379699.438773) can0 706#2C82041C7F02F000
(1789379699.439024) can0 706#2DE182045CE08213
(1789379699.439281) can0 706#2E3C21407F04640E
(1789379699.439531) can0 706#2F65076601F000FE
(1789379699.439804) can0 706#200003202EEF2AEF
(1789379699.440303) can0 706#2129EF28EF1FCEF0
(1789379699.440548) can0 706#22002E7F640E6502
(1789379699.440810) can0 706#236612FE00031A2E
(1789379699.441071) can0 706#24EF1FCE2E7FF000
(1789379699.441334) can0 706#25E082133C20C0F0
(1789379699.441601) can0 706#2600B0800003E082
(1789379699.441866) can0 706#27133C20C01EC02E
(1789379699.442173) can0 706#28EF1FCEE080070C
(1789379699.443125) can0 706#29A6600000A57000
(1789379699.443361) can0 706#2A0060001FCE6000
(1789379699.443623) can0 706#2B7F0D95C0000311
(1789379699.443879) can0 706#2C85F000E282125C
(1789379699.444181) can0 706#2D01A221C104517C
(1789379699.447057) can0 706#2E06E182125C05A1
(1789379699.447329) can0 706#2FF000A1C5000401
(1789379699.452700) can0 706#20547C021FCEF000
(1789379699.453413) can0 706#21400150585018F0
(1789379699.453684) can0 706#2200805000147CF3
(1789379699.453951) can0 706#2360141FCEF00091
(1789379699.454435) can0 706#24F05050E082125C
(1789379699.454699) can0 706#2520C021201FCEF0
(1789379699.454976) can0 706#2600E08001E5A760
(1789379699.455452) can0 706#270000E08003E021
(1789379699.455730) can0 706#28C0F000E08003E0
(1789379699.456000) can0 706#2920C00021805000
(1789379699.456265) can0 706#2A647CFDF000E080
(1789379699.456514) can0 706#2B01E5A7700000E0
(1789379699.456788) can0 706#2C8001E0209003F0
(1789379699.457032) can0 706#2D7DFE1FCE1084F0
(1789379699.457311) can0 706#2E0081C000FF8041
(1789379699.459723) can0 706#2F00147C0260157F
(1789379699.460005) can0 706#2015F00050585018
(1789379699.460480) can0 706#215043F000E18212
(1789379699.460735) can0 706#225C00A121C0A2C0
(1789379699.460999) can0 706#23000460FE02C090
(1789379699.461280) can0 706#24F020202021F000
(1789379699.461512) can0 706#25E000D0D02022F0
(1789379699.461789) can0 706#2600E08003E021C0
(1789379699.462049) can0 706#27F000E082134C21
(1789379699.462329) can0 706#2840F000E08003E0
(1789379699.462590) can0 706#2920C0F000E18213
(1789379699.463052) can0 706#2A4C21C100218050
(1789379699.463325) can0 706#2B000A7CFB60011F
(1789379699.463575) can0 706#2CCEF000287F2E7F
(1789379699.463835) can0 706#2DE88001E1209850
(1789379699.464162) can0 706#2E07B090000AE080
(1789379699.473846) can0 706#2F03E021C0F000E0
(1789379699.474158) can0 706#2082134C20C00120
(1789379699.474598) can0 706#21E001312D504A01
(1789379699.474865) can0 706#22507C027ECF6010
(1789379699.475598) can0 706#237F0860017F0720
(1789379699.475859) can0 706#249802F07C032098
(1789379699.476156) can0 706#2503F07C0260007F
(1789379699.476399) can0 706#26037EC4F0006013
(1789379699.476669) can0 706#27F0002EEF28EF1F
(1789379699.476925) can0 706#28CEF000287F2E7F
(1789379699.477187) can0 706#2980C400FF804000
(1789379699.479840) can0 706#2A147C0260017F25
(1789379699.480319) can0 706#2BF00054585418E0
(1789379699.480563) can0 706#2C82125C544304A0
(1789379699.480828) can0 706#2DA2C4000460FE02
(1789379699.481312) can0 706#2EC0E08001E32090
(1789379699.481550) can0 706#2F03F021C47D16E0
(1789379699.481832) can0 706#2000D0D02021F000
(1789379699.482159) can0 706#21E08003E028C060
(1789379699.482599) can0 706#22007F06F000E180
(1789379699.482861) can0 706#2303E021C1012880
(1789379699.483808) can0 706#245100647C027EAF
(1789379699.486961) can0 706#256001F000E18001
(1789379699.487227) can0 706#26E121915107B091
(1789379699.493832) can0 706#270002B080FFF8B0
(1789379699.494147) can0 706#2890000EE08001E5
(1789379699.494826) can0 706#292090505B501FF0
(1789379699.495304) can0 706#2A00805000011091
(1789379699.495537) can0 706#2B505850187F0890
(1789379699.495813) can0 706#2CF07171202122B2
(1789379699.496151) can0 706#2D82C2004042C0F0
(1789379699.496344) can0 706#2E00805200010010
(1789379699.496609) can0 706#2F4001505850182E
(1789379699.496875) can0 706#20EF28EF1FCEF000
(1789379699.497145) can0 706#21E100FFFF212420
(1789379699.498599) can0 706#22B41FCEF0001084
(1789379699.498979) can0 706#231380E103FFFF00
(1789379699.499144) can0 706#24517D05E1020000
(1789379699.499391) can0 706#2500517C0392F006
(1789379699.499655) can0 706#26407F02F00092F0
(1789379699.500636) can0 706#271F40E182135022
(1789379699.500897) can0 706#2841F000E10FFFFF
(1789379699.501175) can0 706#2901507C03505DF0
(1789379699.501440) can0 706#2A00B08000026015
(1789379699.501699) can0 706#2B7F1490F0434320
(1789379699.501981) can0 706#2C2320B52023F000
(1789379699.502241) can0 706#2DA0B50002A02300
(1789379699.502709) can0 706#2E02A0B50004A023
(1789379699.503415) can0 706#2F0004A0B50006A0
(1789379699.503681) can0 706#20230006E08003E0
(1789379699.503968) can0 706#2125C0F000E08213
(1789379699.512700) can0 706#224C2540F000E080
(1789379699.512971) can0 706#2303E020C0F000E5
(1789379699.513444) can0 706#2482134C25C50025
(1789379699.513711) can0 706#258050000A7CFB60
(1789379699.513977) can0 706#26011FCEF000287F
(1789379699.514471) can0 706#272E7FE88001E120
(1789379699.514734) can0 706#28985007B090000B
(1789379699.515211) can0 706#29E08003E0610A22
(1789379699.515483) can0 706#2AC0E082134C20C0
(1789379699.515741) can0 706#2B0220E082135020
(1789379699.515997) can0 706#2CC0106102507C03
(1789379699.516271) can0 706#2DFEFFFF6860107F
(1789379699.516514) can0 706#2E0860017F072098
(1789379699.516793) can0 706#2F02F07C03209803
(1789379699.517055) can0 706#20F07C0260007F03
(1789379699.517321) can0 706#21FEFFFF5D6013F0
(1789379699.519513) can0 706#22002EEF28EF1FCE
(1789379699.519781) can0 706#23F0001084F00081
(1789379699.520293) can0 706#24C000FF80410014
(1789379699.520525) can0 706#257C0260157F12F0
(1789379699.520800) can0 706#260050585018E182
(1789379699.521133) can0 706#27125C504300A1A1
(1789379699.521333) can0 706#28C0000460FE01C0
(1789379699.521599) can0 706#29E000D0D02021F0
(1789379699.521864) can0 706#2A00E08003E021C0
(1789379699.522148) can0 706#2BF000E082134C21
(1789379699.522411) can0 706#2C40F000E08003E0
(1789379699.522673) can0 706#2D20C0F000E18213
(1789379699.523138) can0 706#2E4C21C100218050
(1789379699.523404) can0 706#2F000A7CFB60011F
(1789379699.523667) can0 706#20CEF000287F2E7F
(1789379699.523930) can0 706#21E88001E1209850
(1789379699.533189) can0 706#2207B090000AE080
(1789379699.533468) can0 706#2303E020C0F000E1
(1789379699.533724) can0 706#2482134C21C10021
(1789379699.533992) can0 706#25805017707C03F0
(1789379699.534724) can0 706#2600FEFFFF3C6010
(1789379699.535201) can0 706#277F0860017F0720
(1789379699.535461) can0 706#289802F07C032098
(1789379699.535730) can0 706#2903F07C0260007F
(1789379699.536004) can0 706#2A03FEFFFF316013
(1789379699.536267) can0 706#2BF0002EEF28EF1F
(1789379699.536511) can0 706#2CCEF000E08001E3
(1789379699.536780) can0 706#2DA7700000A76000
(1789379699.537125) can0 706#2E001FCEF000E080
(1789379699.537312) can0 706#2F01E3A77000001F
(1789379699.538566) can0 706#20CEF0004FFCF000
(1789379699.538826) can0 706#21E08007082090F0
(1789379699.539123) can0 706#2200E28001E200F0
(1789379699.539354) can0 706#237C0FE08001E020
(1789379699.539633) can0 706#249007F07D0CF000
(1789379699.539891) can0 706#25E08003E0A37200
(1789379699.540366) can0 706#2600A362000020C0
(1789379699.540638) can0 706#27204FE08003E020
(1789379699.541122) can0 706#28C021CF0021F000
(1789379699.541379) can0 706#29805000147CFC20
(1789379699.541645) can0 706#2A9203F07D056101
(1789379699.541916) can0 706#2B7F026100F000E0
(1789379699.542196) can0 706#2C82136C2100F000
(1789379699.543141) can0 706#2DE082136C20904F
(1789379699.543404) can0 706#2E041FCEF0004FF8
(1789379699.543661) can0 706#2F2E7FE082125C24
(1789379699.543944) can0 706#20C0F000FEFFFF75
(1789379699.554638) can0 706#21E08001E2E18213
(1789379699.554907) can0 706#226CA37000006000
(1789379699.555394) can0 706#232001A00F00087F
(1789379699.555656) can0 706#2406F000A09F0008
(1789379699.555938) can0 706#25A00F0004A09F00
(1789379699.556190) can0 706#26044001F000A00F
(1789379699.556462) can0 706#270008A09F000880
(1789379699.556734) can0 706#284000FF7CF92EEF
(1789379699.556982) can0 706#294F081FCE4FF8F0
(1789379699.557243) can0 706#2A00E08213646200
(1789379699.558943) can0 706#2B2240E1800706A3
(1789379699.559432) can0 706#2C610000A20F0004
(1789379699.559708) can0 706#2D7F05F000A09F00
(1789379699.559960) can0 706#2E04200F209F4001
(1789379699.560451) can0 706#2FF000A00F0004A0
(1789379699.560717) can0 706#209F0004804000FF
(1789379699.560984) can0 706#217CFAF000E08001
(1789379699.561259) can0 706#22E0209007F07C02
(1789379699.561502) can0 706#2360017F04F000B0
(1789379699.561784) can0 706#2494000260007F02
(1789379699.562112) can0 706#256011F0004F081F
(1789379699.562556) can0 706#26CE4FF8287F297F
(1789379699.563009) can0 706#2719842E7FF000E8
(1789379699.563284) can0 706#288007067F02F000
(1789379699.563554) can0 706#29FE000166E08213
(1789379699.563809) can0 706#2A6420C0F000B090
(1789379699.564111) can0 706#2BFFFDE082136C20
(1789379699.566994) can0 706#2C90F000B0800002
(1789379699.567263) can0 706#2D7ECBF0006000F0
(1789379699.573138) can0 706#2E00A3780000A00F
(1789379699.573403) can0 706#2F00107F06F000A0
(1789379699.573671) can0 706#209F0010A00F000C
(1789379699.573948) can0 706#21A09F000C4001F0
(1789379699.574432) can0 706#2200A00F0010A09F
(1789379699.574705) can0 706#230010804000FF7C
(1789379699.575425) can0 706#24F9F000B0990002
(1789379699.575696) can0 706#2560007F026011F0
(1789379699.575946) can0 706#26002EEF29EF28EF
(1789379699.576214) can0 706#274F081FCEF00060
(1789379699.576457) can0 706#28021FCE4FF8287F
(1789379699.576734) can0 706#29297F2E7F690060
(1789379699.576983) can0 706#2A01E8821354A1C8
(1789379699.577251) can0 706#2B000CB1100006FE
(1789379699.579672) can0 706#2CFFFF4F19806101
(1789379699.579949) can0 706#2DB00100036000F0
(1789379699.580424) can0 706#2E00A048000CB099
(1789379699.580694) can0 706#2F0021A0C8000CB0
(1789379699.580962) can0 706#2090001FA1C80008
(1789379699.581220) can0 706#21B081001D22C814
(1789379699.581469) can0 706#228260F8F0008051
(1789379699.581743) can0 706#23000804C07C12B2
(1789379699.582011) can0 706#2414001162007F07
(1789379699.582284) can0 706#25A0C8000400A221
(1789379699.582559) can0 706#269080AF000C00A2
(1789379699.582811) can0 706#2742015258521821
(1789379699.583513) can0 706#2800F00080520008
(1789379699.583794) can0 706#297CF9F00080A800
(1789379699.584101) can0 706#2A0821C041F82140
(1789379699.594095) can0 706#2B20C84008204880
(1789379699.594527) can0 706#2CA8000421C04108
(1789379699.594794) can0 706#2D2140F0006001F0
(1789379699.595275) can0 706#2E0085AF000CA048
(1789379699.595546) can0 706#2F000CFEFFFF0A19
(1789379699.595812) can0 706#20806101B0010002
(1789379699.596094) can0 706#21FEFFFE9910892E
(1789379699.596319) can0 706#22EF29EF28EF4F08
(1789379699.596583) can0 706#231FCE287F188629
(1789379699.596854) can0 706#247F2A7F1A852B7F
(1789379699.597110) can0 706#252C7F1C842E7F6B
(1789379699.598330) can0 706#2600E9821354A0C9
(1789379699.598600) can0 706#270010B090001BE0
(1789379699.598871) can0 706#2882136C2090F000
(1789379699.599138) can0 706#29B0900004FEFFFF
(1789379699.599403) can0 706#2A64B09000026B02
(1789379699.599674) can0 706#2BF000B09B001580
(1789379699.599939) can0 706#2CC80007B0800002
(1789379699.600913) can0 706#2D6B157F1280CA00
(1789379699.601372) can0 706#2E07B0900002B09A
(1789379699.601645) can0 706#2F00026B147F0E60
(1789379699.601908) can0 706#20002849AA490008
(1789379699.602166) can0 706#21AC490004A04900
(1789379699.602645) can0 706#220C6006F000A049
(1789379699.603575) can0 706#230014E0820AB8A0
(1789379699.603853) can0 706#244900107EB3F000
(1789379699.606772) can0 706#251B806101B01100
(1789379699.607089) can0 706#26036B007F026B01
(1789379699.613682) can0 706#27F000B08B000464
(1789379699.613932) can0 706#28086506168BF000
(1789379699.614660) can0 706#29FE0001642EEF2C
(1789379699.615123) can0 706#2AEF2BEF2AEF29EF
(1789379699.615383) can0 706#2B28EF1FCEF00028
(1789379699.615655) can0 706#2C7F297F2E7F6800
(1789379699.615926) can0 706#2D6001F000E98213
(1789379699.616188) can0 706#2E54A1C90004B110
(1789379699.616444) can0 706#2F000BFEFFFE8F18
(1789379699.616715) can0 706#20806101B0010008
(1789379699.616974) can0 706#21A0990002B08000
(1789379699.617243) can0 706#2204FEFFFF366000
(1789379699.618938) can0 706#23F000A009000260
(1789379699.619218) can0 706#2400F000A0490004
(1789379699.619450) can0 706#25B0980013A0C900
(1789379699.619726) can0 706#2604B09000112099
(1789379699.619994) can0 706#27F000A199000101
(1789379699.620474) can0 706#28407C0E2499F000
(1789379699.620761) can0 706#29FEFFFE93B08000
(1789379699.621081) can0 706#2A046001F000A009
(1789379699.621287) can0 706#2B0002FEFFFF2224
(1789379699.621566) can0 706#2C99F000FEFFFE5E
(1789379699.621827) can0 706#2D18806101B01100
(1789379699.622101) can0 706#2E04209940012009
(1789379699.622583) can0 706#2F6001A049000410
(1789379699.623080) can0 706#20882EEF29EF28EF
(1789379699.623303) can0 706#211FCEF000287F18
(1789379699.623569) can0 706#2285297F19842A7F
(1789379699.623824) can0 706#232B7F2C7F2E7F2D
(1789379699.633348) can0 706#247F14886C00F000
(1789379699.633610) can0 706#25EB821354FEFFFE
(1789379699.633871) can0 706#262D148904A844FF
(1789379699.634379) can0 706#27F0008AC000FFFE
(1789379699.635335) can0 706#28FFFE298DC000FF
(1789379699.635589) can0 706#29A0CB0010B09000
(1789379699.635861) can0 706#2A22805A00147D1F
(1789379699.636137) can0 706#2BF000805D00147D
(1789379699.636415) can0 706#2C1DF00090CA0003
(1789379699.636675) can0 706#2DE182125C00A120
(1789379699.636930) can0 706#2EC0B810001908A9
(1789379699.637202) can0 706#2FF00090CD0003E1
(1789379699.639403) can0 706#2082125C00A148FF
(1789379699.639671) can0 706#21A0C00004B81000
(1789379699.639927) can0 706#2213E082136C2090
(1789379699.640415) can0 706#23F000B0900004FE
(1789379699.640702) can0 706#24FFFEFEB0900002
(1789379699.640951) can0 706#256C02F000B09C00
(1789379699.641224) can0 706#260E60002A0BAD0B
(1789379699.641478) can0 706#270001A04B000460
(1789379699.641751) can0 706#2807F000A04B0014
(1789379699.642071) can0 706#29E0820C20A04B00
(1789379699.642515) can0 706#2A107EAFF0001C80
(1789379699.642969) can0 706#2B6101B01100046C
(1789379699.643248) can0 706#2C007F036C157F02
(1789379699.643513) can0 706#2D6C01F000B08C00
(1789379699.643769) can0 706#2E0464086507168C
(1789379699.644074) can0 706#2FF000FE0001052D
(1789379699.653300) can0 706#20EF2EEF2CEF2BEF
(1789379699.653562) can0 706#212AEF29EF28EF1F
(1789379699.653821) can0 706#22CE287F2E7F6000
(1789379699.654323) can0 706#236101E8821354A2
(1789379699.654586) can0 706#24C80004B2110006
(1789379699.654857) can0 706#25FEFFFEC46101F0
(1789379699.655340) can0 706#2600B00100036100
(1789379699.655603) can0 706#27F000A1480004B0
(1789379699.655886) can0 706#2890000CA1C80004
(1789379699.656138) can0 706#29B091000A2298F0
(1789379699.656401) can0 706#2A00A19800010142
(1789379699.656656) can0 706#2B7C072498F000FE
(1789379699.656930) can0 706#2CFFFEA16101F000
(1789379699.657205) can0 706#2DB0110003219841
(1789379699.658421) can0 706#2E012108F0002EEF
(1789379699.658685) can0 706#2F28EF1FCEF00028
(1789379699.658960) can0 706#207F297F2A7F2E7F
(1789379699.659445) can0 706#216A00F000E88213
(1789379699.659728) can0 706#2254A0C80010B090
(1789379699.660215) can0 706#23001AFEFFFDDD89
(1789379699.660465) can0 706#24C000FF80500014
(1789379699.660734) can0 706#257D15F000E08213
(1789379699.661209) can0 706#266C2090F000B090
(1789379699.661453) can0 706#270004FEFFFEC0B0
(1789379699.661727) can0 706#289000026A02F000
(1789379699.662061) can0 706#29B09A001084C900
(1789379699.662254) can0 706#2AFFFEFFFE881A80
(1789379699.662959) can0 706#2B6101B011000C59
(1789379699.663233) can0 706#2C58600159182908
(1789379699.663488) can0 706#2DA9080001A04800
(1789379699.663753) can0 706#2E046002F000A048
(1789379699.664059) can0 706#2F0014E0820D9CA0
(1789379699.673773) can0 706#204800106A007F03
(1789379699.674056) can0 706#216A157F026A01F0
(1789379699.674760) can0 706#2200B08A00046408
(1789379699.675492) can0 706#236502168AF000FE
(1789379699.675753) can0 706#240000C52EEF2AEF
(1789379699.676053) can0 706#2529EF28EF1FCEF0
(1789379699.676272) can0 706#26004FFC287F2E7F
(1789379699.676547) can0 706#27F000E082136C20
(1789379699.676810) can0 706#2890F000E8821354
(1789379699.677073) can0 706#29B080002C7F28F0
(1789379699.679052) can0 706#2A0060FE24C804C0
(1789379699.679264) can0 706#2BF000FEFFFE2EA0
(1789379699.679536) can0 706#2C2F000820C807F0
(1789379699.679808) can0 706#2D7D0CF00080A800
(1789379699.680282) can0 706#2E0421C0F00082A1
(1789379699.680559) can0 706#2F00012240F000A0
(1789379699.680829) can0 706#209F00092001F000
(1789379699.681088) can0 706#2180A8000821C041
(1789379699.681355) can0 706#22FF214020C84001
(1789379699.681629) can0 706#2320487F17F00081
(1789379699.681897) can0 706#24A8000420C1F000
(1789379699.682173) can0 706#2582A000012241F0
(1789379699.682652) can0 706#2600A19F00082100
(1789379699.683371) can0 706#27F00081A8000820
(1789379699.683715) can0 706#28C140FF204120C8
(1789379699.683905) can0 706#294001204821C1F0
(1789379699.687063) can0 706#2A00B081000B80A8
(1789379699.691949) can0 706#2B000421C0F00082
(1789379699.692211) can0 706#2CA100012240F000
(1789379699.693174) can0 706#2DA09F00092001F0
(1789379699.693417) can0 706#2E0080A8000821C0
(1789379699.693704) can0 706#2F41FF214020C840
(1789379699.694044) can0 706#20012048A0C80008
(1789379699.694449) can0 706#21B090FFD87F0BF0
(1789379699.694723) can0 706#2200620020C87F07
(1789379699.695211) can0 706#23F00083A8000424
(1789379699.695466) can0 706#24C3F00081A40001
(1789379699.695731) can0 706#2521432190400142
(1789379699.696043) can0 706#26012104F000A1C8
(1789379699.696261) can0 706#27000802517CF960
(1789379699.696522) can0 706#28002EEF28EF4F04
(1789379699.696786) can0 706#291FCEF000287F2E
(1789379699.697063) can0 706#2A7F118601A541FF
(1789379699.699042) can0 706#2BF000E00FFFFFE8
(1789379699.699273) can0 706#2C82135400517C0A
(1789379699.699538) can0 706#2DA0C80010B09000
(1789379699.699810) can0 706#2E07A4480004A548
(1789379699.700780) can0 706#2F00082648F000E0
(1789379699.701062) can0 706#20820E98A0480010
(1789379699.701331) can0 706#2166007F0366017F
(1789379699.701580) can0 706#22026615F000B086
(1789379699.701845) can0 706#23000364086506FE
(1789379699.702108) can0 706#240000712EEF28EF
(1789379699.702373) can0 706#251FCEF000287F2E
(1789379699.702640) can0 706#267FE8821354A0C8
(1789379699.703334) can0 706#270010B080000AA0
(1789379699.703603) can0 706#28C800101EC0F000
(1789379699.703863) can0 706#2961000000000000
(1789379699.713600) can0 70E#0276010000000000
(1789379699.715293) can0 706#1335360201F000B0
(1789379699.715550) can0 70E#3000000000000000
(1789379699.720197) can0 706#2101000661006408
(1789379699.720433) can0 706#221680F000A14800
(1789379699.720686) can0 706#2310A5C80014FE00
(1789379699.720917) can0 706#2400622EEF28EF1F
(1789379699.721412) can0 706#25CEF000287F1884
(1789379699.721653) can0 706#262E7F1488FEFFFC
(1789379699.721890) can0 706#2793B09000031488
(1789379699.722147) can0 706#28F000FEFFFE6B2E
(1789379699.722622) can0 706#29EF28EF1FCEF000
(1789379699.723083) can0 706#2A287F18842E7F14
(1789379699.723332) can0 706#2B88FEFFFE7CB090
(1789379699.723568) can0 706#2C00031488F000FE
(1789379699.723813) can0 706#2DFFFD492EEF28EF
(1789379699.727028) can0 706#2E1FCEF0002E7FF0
(1789379699.727209) can0 706#2F00FEFFFE942EEF
(1789379699.735241) can0 706#201FCE2E7FF000E0
(1789379699.735492) can0 706#2182137020C0F000
(1789379699.735735) can0 706#22B090000BE08213
(1789379699.736018) can0 706#23702740F000E010
(1789379699.736227) can0 706#24000006507D03B0
(1789379699.736479) can0 706#258700097F06F000
(1789379699.736734) can0 706#26E02000000620F0
(1789379699.737022) can0 706#2700FEFFFC927F04
(1789379699.737222) can0 706#28F000B087000364
(1789379699.738676) can0 706#2908650566011EC7
(1789379699.738907) can0 706#2A2EEF1FCE2E7FF0
(1789379699.739181) can0 706#2B00E082137020C0
(1789379699.739435) can0 706#2CF000B090000BE0
(1789379699.739703) can0 706#2D8213702740F000
(1789379699.740194) can0 706#2EE010000006507D
(1789379699.740460) can0 706#2F03FEFFFEA87F08
(1789379699.740732) can0 706#20F000E020000006
(1789379699.741021) can0 706#2120F000FEFFFCBB
(1789379699.741257) can0 706#227F04F000B08700
(1789379699.741540) can0 706#2303640865066601
(1789379699.741793) can0 706#241EC72EEF1FCE11
(1789379699.742064) can0 706#25862E7FE0821370
(1789379699.743025) can0 706#2620C0F000B09000
(1789379699.743298) can0 706#270BE08213702140
(1789379699.743566) can0 706#28F000E010000005
(1789379699.743841) can0 706#29507D03FEFFFEE7
(1789379699.752590) can0 706#2A7F08F000E02000
(1789379699.753320) can0 706#2B000520F000FEFF
(1789379699.753583) can0 706#2CFCEA7F04F000B0
(1789379699.753852) can0 706#2D81000364086507
(1789379699.754338) can0 706#2E66011EC12EEF1F
(1789379699.754613) can0 706#2FCE11852E7FE082
(1789379699.755086) can0 706#20137020C0F000B0
(1789379699.755357) can0 706#2190000BE0821370
(1789379699.755619) can0 706#222140F000E01000
(1789379699.755891) can0 706#230004507D03FEFF
(1789379699.756159) can0 706#24FF267F08F000E0
(1789379699.756396) can0 706#252000000420F000
(1789379699.756689) can0 706#26FEFFFCF67F04F0
(1789379699.757012) can0 706#2700B08100036408
(1789379699.757193) can0 706#28650266011EC12E
(1789379699.759152) can0 706#29EF1FCE2E7FF000
(1789379699.759396) can0 706#2AFEFFFF95FEFFFC
(1789379699.759870) can0 706#2BF22EEF1FCE2E7F
(1789379699.760350) can0 706#2CF000E282137022
(1789379699.760617) can0 706#2DC2F000B0820004
(1789379699.760876) can0 706#2E6000F000E18213
(1789379699.761139) can0 706#2F7020411EC22EEF
(1789379699.761382) can0 706#201FCE2E7FF000E2
(1789379699.761661) can0 706#2182137022C2F000
(1789379699.761918) can0 706#22B08200046000F0
(1789379699.762188) can0 706#2300E18213702041
(1789379699.762449) can0 706#241EC22EEF1FCE1F
(1789379699.762918) can0 706#25CEF0002E7FF000
(1789379699.763181) can0 706#26A5C4000424C4F0
(1789379699.763446) can0 706#2700FEFFFC1E2EEF
(1789379699.763719) can0 706#281FCED1C0008281
(1789379699.764008) can0 706#29E11330D2C00000
(1789379699.772740) can0 706#2A82E20044B0C200
(1789379699.773230) can0 706#2B056000F0002001
(1789379699.773494) can0 706#2C410142FFF000B0
(1789379699.773769) can0 706#2DD2FFFED1C00082
(1789379699.774264) can0 706#2E81E11330D2C000
(1789379699.774527) can0 706#2F8282E21330D3C0
(1789379699.774800) can0 706#20000083E30000B0
(1789379699.775525) can0 706#21C3000520812002
(1789379699.775793) can0 706#224101420143FFF0
(1789379699.776066) can0 706#2300B0D3FFFD2E7F
(1789379699.776343) can0 706#24F000D0C0008280
(1789379699.776598) can0 706#25E011DC1EC0F000
(1789379699.776856) can0 706#262EEF1FCE0605C7
(1789379699.777137) can0 706#27AB000000000000
(1789379699.779800) can0 706#281FFF0000200000
(1789379699.780293) can0 706#29002FFF00003000
(1789379699.780560) can0 706#2A00003FFF000040
(1789379699.780836) can0 706#2B0000007FFF0000
(1789379699.781309) can0 706#2C80000000FFFF00
(1789379699.781590) can0 706#2D0100000001FFFF
(1789379699.781861) can0 706#2E000200000002FF
(1789379699.782149) can0 706#2FFF000300000003
(1789379699.782630) can0 706#20FFFF0004000000
(1789379699.783574) can0 706#2104FFFF00050000
(1789379699.783848) can0 706#220005FFFF000600
(1789379699.793851) can0 706#23000006FFFF0007
(1789379699.794584) can0 706#2400000007FFFF00
(1789379699.795077) can0 706#250800000008FFFF
(1789379699.795348) can0 706#26000900000009FF
(1789379699.795612) can0 706#27FF000A0000000A
(1789379699.795888) can0 706#28FFFF000B000000
(1789379699.796156) can0 706#290BFFFF000C0000
(1789379699.796424) can0 706#2A000CFFFF000D00
(1789379699.796687) can0 706#2B00000DFFFF000E
(1789379699.797002) can0 706#2C0000000EFFFF00
(1789379699.798435) can0 706#2D0F0000000FFFFF
(1789379699.798685) can0 706#2E5375706572466C
(1789379699.799001) can0 706#2F61736800FF0031
(1789379699.799229) can0 706#201F0A0082102000
(1789379699.799496) can0 706#2182104000821060
(1789379699.800477) can0 706#220082106C008210
(1789379699.800743) can0 706#23B4008210FC0082
(1789379699.801016) can0 706#2411440082118C00
(1789379699.801287) can0 706#258211E000000000
(1789379699.803346) can0 70E#0276020000000000
(1789379699.819639) can0 706#0137000000000000
(1789379699.823341) can0 70E#037F377800000000
(1789379699.899320) can0 70E#0377E5ED00000000
(1789379699.900522) can0 706#1008310103010082
(1789379699.900789) can0 70E#3000000000000000
(1789379699.901326) can0 706#2100000000000000
(1789379699.913745) can0 70E#0571010301100000
(1789379700.059280) can0 7DF#023E800000000000
(1789379700.253149) can0 706#100C3101FF000000
(1789379700.253412) can0 70E#3000000000000000
(1789379700.254536) can0 706#2130000000442800
(1789379700.261013) can0 70E#037F317800000000
(1789379701.057430) can0 70E#057101FF00100000
(1789379702.059993) can0 7DF#023E800000000000
(1789379704.062008) can0 7DF#023E800000000000
(1789379704.143036) can0 706#100B340044000030
(1789379704.143291) can0 70E#3000000000000000
(1789379704.147738) can0 706#2100000044280000
(1789379704.149361) can0 70E#0474200FFF000000
(1789379704.161757) can0 706#1FFF3601426F6F74
(1789379704.162025) can0 70E#3000000000000000
(1789379704.164868) can0 706#214E666F00006C29
(1789379704.165105) can0 706#2216AA5AA555412E
(1789379704.165345) can0 706#23442E432E5F4352
(1789379704.165595) can0 706#2443737400003000
(1789379704.166829) can0 706#2500007427628330
(1789379704.167053) can0 706#26F1435346323635
(1789379704.167302) can0 706#2700005F46535052
(1789379704.167584) can0 706#2830303030000000
(1789379704.167813) can0 706#29FF0C0A05FF0C00
(1789379704.168060) can0 706#2A00041B00FF0000
(1789379704.168304) can0 706#2B306C000B004604
(1789379704.168581) can0 706#2C1B004356345431
(1789379704.168779) can0 706#2D34463339384146
(1789379704.169274) can0 706#2E00000000000000
(1789379704.169591) can0 706#2F00000000000000
(1789379704.169825) can0 706#2000308C0000312C
(1789379704.170069) can0 706#210000312C000074
(1789379704.170319) can0 706#221C000000100000
(1789379704.170590) can0 706#2300000000000000
(1789379704.171059) can0 706#240000000000312C
(1789379704.171766) can0 706#2500001958000100
(1789379704.172025) can0 706#260100000A000000
(1789379704.172279) can0 706#274A840000102000
(1789379704.175672) can0 706#2804240230A01038
(1789379704.182058) can0 706#2900005AA4000006
(1789379704.182302) can0 706#2A800004240230A0
(1789379704.183029) can0 706#2B10580000612400
(1789379704.183278) can0 706#2C00002400042400
(1789379704.183759) can0 706#2D30A01098000061
(1789379704.184258) can0 706#2E48000002000004
(1789379704.184492) can0 706#2F240230A0108800
(1789379704.184743) can0 706#2000634800000230
(1789379704.185002) can0 706#210004250130A010
(1789379704.185255) can0 706#2268000065780000
(1789379704.185494) can0 706#230AD00004240230
(1789379704.185744) can0 706#24A0104800007048
(1789379704.187681) can0 706#250000035C000424
(1789379704.187934) can0 706#260030A010780000
(1789379704.188178) can0 706#2773A40000000800
(1789379704.188441) can0 706#2801000030A01028
(1789379704.188683) can0 706#29000073AC000000
(1789379704.189174) can0 706#2A100001000030A0
(1789379704.189430) can0 706#2B10180000000000
(1789379704.189672) can0 706#2C00342C00000001
(1789379704.189925) can0 706#2D00003448000000
(1789379704.190169) can0 706#2E02416CCCCD3F5F
(1789379704.190441) can0 706#2F66F3418CCCCD3F
(1789379704.190680) can0 706#20DF66F341480000
(1789379704.191171) can0 706#2100000000000000
(1789379704.192372) can0 706#220042C800000000
(1789379704.199955) can0 706#2300003FC6872B3F
(1789379704.200191) can0 706#24C3F7CF3FE66666
(1789379704.200431) can0 706#253F11EB854005E3
(1789379704.200679) can0 706#26540000002C3D7A
(1789379704.201384) can0 706#2735DD3D7A35DD3D
(1789379704.201855) can0 706#287A35DDBD7A35DD
(1789379704.202102) can0 706#29BD7A35DDBD7A35
(1789379704.202337) can0 706#2ADD3CB2B8C20000
(1789379704.202832) can0 706#2B00000000000000
(1789379704.203302) can0 706#2C0000003F64DD2F
(1789379704.204032) can0 706#2D3F0000003FA333
(1789379704.204286) can0 706#2E33000000013F64
(1789379704.204528) can0 706#2FDD2F000000003F
(1789379704.204785) can0 706#20A3333300000001
(1789379704.205027) can0 706#213F64DD2FBF0000
(1789379704.205276) can0 706#22003FA333330000
(1789379704.205560) can0 706#2300013FE28F5C44
(1789379704.205797) can0 706#24009AE14409B148
(1789379704.207757) can0 706#25000000003FE28F
(1789379704.208007) can0 706#265C3EA041890000
(1789379704.208260) can0 706#2700010000342C00
(1789379704.208747) can0 706#28000001000034A0
(1789379704.209486) can0 706#2900000002415800
(1789379704.209725) can0 706#2A003F5F66F3418C
(1789379704.209975) can0 706#2BCCCD3FDF66F341
(1789379704.210232) can0 706#2C48000000000000
(1789379704.210487) can0 706#2D0000000042C800
(1789379704.210738) can0 706#2E00000000003FC6
(1789379704.210980) can0 706#2F872B3FC3F7CF3F
(1789379704.211220) can0 706#20E666663F11EB85
(1789379704.212177) can0 706#214005E354000000
(1789379704.212404) can0 706#222C3D7A35DD3D7A
(1789379704.220470) can0 706#2335DD3D7A35DDBD
(1789379704.220701) can0 706#247A35DDBD7A35DD
(1789379704.221184) can0 706#25BD7A35DD3CB2B8
(1789379704.221672) can0 706#26C2000000000000
(1789379704.221927) can0 706#270000000000003F
(1789379704.222201) can0 706#2864DD2F3F000000
(1789379704.222454) can0 706#293FA33333000000
(1789379704.222931) can0 706#2A013F64DD2F0000
(1789379704.223185) can0 706#2B00003FA3333300
(1789379704.223681) can0 706#2C0000013F64DD2F
(1789379704.223917) can0 706#2DBF0000003FA333
(1789379704.224166) can0 706#2E33000000013FE2
(1789379704.224413) can0 706#2F8F5C44009AE144
(1789379704.224679) can0 706#2009B14800000000
(1789379704.224913) can0 706#213FE28F5C3EA041
(1789379704.225162) can0 706#2289000000020000
(1789379704.225420) can0 706#23342C0000000100
(1789379704.225680) can0 706#240034F800000002
(1789379704.227148) can0 706#25417CCCCD3F5F66
(1789379704.227386) can0 706#26F3418CCCCD3FDF
(1789379704.227689) can0 706#2766F34148000000
(1789379704.227894) can0 706#2800000000000000
(1789379704.228138) can0 706#2942C80000000000
(1789379704.228382) can0 706#2A003FC916873FCA
(1789379704.228691) can0 706#2B5E353FE666663F
(1789379704.229337) can0 706#2C27AE144005E354
(1789379704.229573) can0 706#2D0000002C3D7A35
(1789379704.229817) can0 706#2EDD3D7A35DD3D7A
(1789379704.230053) can0 706#2F35DDBD7A35DDBD
(1789379704.230285) can0 706#207A35DDBD7A35DD
(1789379704.230527) can0 706#213D1C33E9000000
(1789379704.230808) can0 706#2200000000000000
(1789379704.231756) can0 706#2300003F6E978D3F
(1789379704.232241) can0 706#240000003FA33333
(1789379704.242470) can0 706#25000000013F6E97
(1789379704.243195) can0 706#268D000000003FA3
(1789379704.243452) can0 706#273333000000013F
(1789379704.243946) can0 706#286E978DBF000000
(1789379704.244222) can0 706#293FA33333000000
(1789379704.244477) can0 706#2A013FE8D4FE441C
(1789379704.244749) can0 706#2B5852441EE8F600
(1789379704.245015) can0 706#2C0000003FE8D4FE
(1789379704.245275) can0 706#2D3EA9FBE7000000
(1789379704.245548) can0 706#2E030000342C0000
(1789379704.245823) can0 706#2F00020000355000
(1789379704.247280) can0 706#20000002416B3333
(1789379704.247551) can0 706#213F5F66F3418CCC
(1789379704.247798) can0 706#22CD3FDF66F34148
(1789379704.248072) can0 706#2300000000000000
(1789379704.248348) can0 706#2400000042C80000
(1789379704.248616) can0 706#25000000003FC6E9
(1789379704.248891) can0 706#26793FC7AE143FE6
(1789379704.249357) can0 706#2766663F1BA5E340
(1789379704.249629) can0 706#2805E3540000002C
(1789379704.249886) can0 706#293D7A35DD3D7A35
(1789379704.250124) can0 706#2ADD3D7A35DDBD7A
(1789379704.250390) can0 706#2B35DDBD7A35DDBD
(1789379704.250639) can0 706#2C7A35DD3C858A76
(1789379704.250915) can0 706#2D00000000000000
(1789379704.252115) can0 706#2E00000000003F66
(1789379704.252394) can0 706#2F66663F0000003F
(1789379704.255787) can0 706#20A3333300000001
(1789379704.260232) can0 706#213F666666000000
(1789379704.260488) can0 706#22003FA333330000
(1789379704.260761) can0 706#2300013F666666BF
(1789379704.261235) can0 706#240000003FA33333
(1789379704.261508) can0 706#25000000013FE51E
(1789379704.262213) can0 706#26B8440D20A44418
(1789379704.262479) can0 706#277E14000000003F
(1789379704.262973) can0 706#28E51EB83E9CAC08
(1789379704.263429) can0 706#293EA147AE3E4CCC
(1789379704.263901) can0 706#2ACD3E75C28F3DF5
(1789379704.264156) can0 706#2BC28F3D3851EC3C
(1789379704.264422) can0 706#2C75C28F00000001
(1789379704.264752) can0 706#2D00000000000000
(1789379704.264977) can0 706#2E003B7BA3E34029
(1789379704.265243) can0 706#2F78D544A2C00000
(1789379704.265510) can0 706#20000000446FA0A4
(1789379704.265769) can0 706#21408D1EB8C44BB7
(1789379704.267757) can0 706#22AE446FA0A4408D
(1789379704.267975) can0 706#231EB8C44BB7AE00
(1789379704.268259) can0 706#2400000000000000
(1789379704.268534) can0 706#2500000000446060
(1789379704.268791) can0 706#260043AF6B85C525
(1789379704.269260) can0 706#276E66445DE99A43
(1789379704.269534) can0 706#28ADA8F63F07AE14
(1789379704.269793) can0 706#2900000000000000
(1789379704.270081) can0 706#2A01000000003B7B
(1789379704.270324) can0 706#2BA3E3402978D544
(1789379704.270604) can0 706#2CA2C00000000000
(1789379704.270873) can0 706#2D446FA0A4408D1E
(1789379704.271112) can0 706#2EB8C44BB7AE446F
(1789379704.271373) can0 706#2FA0A4408D1EB8C4
(1789379704.272084) can0 706#204BB7AE00000000
(1789379704.272584) can0 706#2100000000000000
(1789379704.282096) can0 706#22004460600043AF
(1789379704.282341) can0 706#236B85C5256E6644
(1789379704.282608) can0 706#245DE99A43ADA8F6
(1789379704.283098) can0 706#253F07AE14000000
(1789379704.283382) can0 706#2600000000020000
(1789379704.283853) can0 706#2700003B74C6FB40
(1789379704.284337) can0 706#282C083144E76000
(1789379704.284616) can0 706#2900000000448988
(1789379704.284876) can0 706#2A004099999AC442
(1789379704.285125) can0 706#2B91EC4489880040
(1789379704.285379) can0 706#2C99999AC44291EC
(1789379704.285655) can0 706#2D00000000000000
(1789379704.285936) can0 706#2E00000000004464
(1789379704.288330) can0 706#2F70A443CE95C3C5
(1789379704.288592) can0 706#2028230A44659148
(1789379704.288851) can0 706#2143D415C33F10A3
(1789379704.289338) can0 706#22D7000000000000
(1789379704.289624) can0 706#230003000000003B
(1789379704.289871) can0 706#24866613402978D5
(1789379704.290137) can0 706#2544C7A000000000
(1789379704.290403) can0 706#26004484900040E0
(1789379704.290670) can0 706#270000C437433344
(1789379704.290939) can0 706#2884900040E00000
(1789379704.292353) can0 706#29C4374333000000
(1789379704.295806) can0 706#2A00000000000000
(1789379704.296049) can0 706#2B00004460614843
(1789379704.302169) can0 706#2CB07AE1C5256CA4
(1789379704.302434) can0 706#2D445FB8F643AD8B
(1789379704.303172) can0 706#2E853F147AE10000
(1789379704.303454) can0 706#2F00000000000400
(1789379704.303924) can0 706#200000003B878AE4
(1789379704.304167) can0 706#2140326E9844E5C0
(1789379704.304645) can0 706#2200000000004484
(1789379704.304914) can0 706#23900040E00000C4
(1789379704.305156) can0 706#2437433344849000
(1789379704.305432) can0 706#2540E00000C43743
(1789379704.305713) can0 706#2633000000000000
(1789379704.305982) can0 706#2700000000000044
(1789379704.307439) can0 706#2860614843B07AE1
(1789379704.307687) can0 706#29C52E2CCD445FC2
(1789379704.307955) can0 706#2A8F43AD71EC3F10
(1789379704.308206) can0 706#2BE5600000000000
(1789379704.308480) can0 706#2C001F40000000C8
(1789379704.308985) can0 706#2D3DCCCCCD3E8000
(1789379704.309679) can0 706#2E0042A000004220
(1789379704.309965) can0 706#2F00000000000041
(1789379704.310216) can0 706#20F000003F000000
(1789379704.310490) can0 706#213B64C388000000
(1789379704.310832) can0 706#2200000000000000
(1789379704.311045) can0 706#2300000000000000
(1789379704.312479) can0 706#2400000000000000
(1789379704.320067) can0 706#2500000000000000
(1789379704.320350) can0 706#2600000000180000
(1789379704.320622) can0 706#2700280000003C00
(1789379704.320894) can0 706#2800000300000010
(1789379704.321374) can0 706#293F19999A000000
(1789379704.321877) can0 706#2A0F000000010000
(1789379704.322155) can0 706#2B00013E80000000
(1789379704.322421) can0 706#2C00000000000000
(1789379704.322712) can0 706#2D00000000000000
(1789379704.323194) can0 706#2E01000000003F19
(1789379704.323911) can0 706#2F999A0000000F00
(1789379704.324204) can0 706#2000000100000001
(1789379704.324469) can0 706#213E4CCCCD000000
(1789379704.324760) can0 706#2200000000000000
(1789379704.325036) can0 706#2300010000000000
(1789379704.325321) can0 706#2400000000000002
(1789379704.325602) can0 706#2500000005000000
(1789379704.325865) can0 706#2601000000024040
(1789379704.328555) can0 706#2700000000001400
(1789379704.328868) can0 706#2800001400000010
(1789379704.329552) can0 706#2900000010412000
(1789379704.329878) can0 706#2A0042C800003ECC
(1789379704.330094) can0 706#2BCCCD40E0000040
(1789379704.330379) can0 706#2CE0000000000001
(1789379704.330639) can0 706#2D3E99999A3F8CCC
(1789379704.330894) can0 706#2ECD3F19999A3F66
(1789379704.331170) can0 706#2F66660000000100
(1789379704.331445) can0 706#2000000A00000001
(1789379704.332167) can0 706#2100000001000000
(1789379704.332450) can0 706#2200FFFFFFFFFFFF
(1789379704.341036) can0 706#23FFFF0000000000
(1789379704.341760) can0 706#2400000000000000
(1789379704.342046) can0 706#2500000000000069
(1789379704.342289) can0 706#267800003E800000
(1789379704.342568) can0 706#27177000000FA000
(1789379704.343054) can0 706#2800157C00000DAC
(1789379704.343321) can0 706#29000000DC000001
(1789379704.343597) can0 706#2ACC000000460000
(1789379704.344088) can0 706#2B03840000057800
(1789379704.344366) can0 706#2C0008FC00000096
(1789379704.344648) can0 706#2D000001F4000000
(1789379704.344924) can0 706#2E00000000000000
(1789379704.345186) can0 706#2F003C0000005A00
(1789379704.345475) can0 706#2000000000000000
(1789379704.345746) can0 706#210000003C000000
(1789379704.346041) can0 706#22F0000000000000
(1789379704.347278) can0 706#230000000007D000
(1789379704.347551) can0 706#2400003200000000
(1789379704.347897) can0 706#2500000000000007
(1789379704.348085) can0 706#26D0FFFFFFF10000
(1789379704.348368) can0 706#2700000000001E00
(1789379704.348636) can0 706#280000000000003C
(1789379704.348918) can0 706#290000001E000000
(1789379704.349434) can0 706#2A28000000280000
(1789379704.349704) can0 706#2B00500000000000
(1789379704.349970) can0 706#2C00005A0000005A
(1789379704.350248) can0 706#2D00000063000000
(1789379704.350514) can0 706#2E32000000320000
(1789379704.350799) can0 706#2F00640000000000
(1789379704.351075) can0 706#2000089800000046
(1789379704.352265) can0 706#21000003E8000000
(1789379704.362745) can0 706#2264000008980000
(1789379704.363469) can0 706#2307D00000004600
(1789379704.363957) can0 706#240000500000005A
(1789379704.364229) can0 706#2500000064000000
(1789379704.364502) can0 706#2664000000640000
(1789379704.364776) can0 706#27006E0000006E00
(1789379704.365051) can0 706#2800004600000050
(1789379704.365312) can0 706#290000005A000000
(1789379704.365588) can0 706#2A64000000640000
(1789379704.365929) can0 706#2B00640000006E00
(1789379704.366116) can0 706#2C00006E00000064
(1789379704.367600) can0 706#2D0000007D000000
(1789379704.367932) can0 706#2E84000000840000
(1789379704.368138) can0 706#2F00840000008400
(1789379704.368429) can0 706#2000008400000084
(1789379704.368694) can0 706#210000000A000000
(1789379704.368966) can0 706#223C000003203E19
(1789379704.369450) can0 706#23999A3FC0000040
(1789379704.369715) can0 706#24E9999A3F000000
(1789379704.369973) can0 706#253F19999A000000
(1789379704.370251) can0 706#26010000001E4046
(1789379704.370515) can0 706#27666640A0000041
(1789379704.370773) can0 706#28A000003FC66666
(1789379704.371057) can0 706#2941F000003F1999
(1789379704.371546) can0 706#2A9A000000010000
(1789379704.372252) can0 706#2B00023F0000003F
(1789379704.372516) can0 706#2C00000042AA0000
(1789379704.375723) can0 706#2D42C800003F8000
(1789379704.375990) can0 706#2E003F0000003D23
(1789379704.380654) can0 706#2FD70A4050000000
(1789379704.380954) can0 706#200000DC00000004
(1789379704.381427) can0 706#2100000008000000
(1789379704.381956) can0 706#2210000000233356
(1789379704.382169) can0 706#23BF9531ABCC7700
(1789379704.382463) can0 706#2400000034A10FB0
(1789379704.382702) can0 706#253380D95938D1B7
(1789379704.383183) can0 706#2617358637BD2EDB
(1789379704.383649) can0 706#27E6FF283424DC34
(1789379704.384138) can0 706#28A10FB03380D959
(1789379704.384613) can0 706#2938D1B717000000
(1789379704.384962) can0 706#2A00000000000000
(1789379704.385168) can0 706#2B00000000000000
(1789379704.385453) can0 706#2C00000000000000
(1789379704.385708) can0 706#2D3C23D70A3A3780
(1789379704.385989) can0 706#2E3440A000004120
(1789379704.388424) can0 706#2F00004060000040
(1789379704.388687) can0 706#20D0000040266666
(1789379704.388969) can0 706#214000000040A000
(1789379704.389239) can0 706#22003F0000004013
(1789379704.389726) can0 706#233333000000003C
(1789379704.389986) can0 706#2423D70A3A378034
(1789379704.390247) can0 706#253A378034412000
(1789379704.390503) can0 706#26003E99999A4120
(1789379704.390780) can0 706#27000040C0000040
(1789379704.391062) can0 706#2800000000000001
(1789379704.391322) can0 706#2900000032000000
(1789379704.392519) can0 706#2A01000000010000
(1789379704.401080) can0 706#2B003C4000000041
(1789379704.402047) can0 706#2C7000003F666666
(1789379704.402330) can0 706#2D00000000000000
(1789379704.402604) can0 706#2E003F7FBE774270
(1789379704.403090) can0 706#2F0000412000003F
(1789379704.403342) can0 706#207D70A441600000
(1789379704.403621) can0 706#2100000005000000
(1789379704.404092) can0 706#22140000FDE84248
(1789379704.404352) can0 706#23000041F0000000
(1789379704.404830) can0 706#2400006300000063
(1789379704.405113) can0 706#250000000A000000
(1789379704.405354) can0 706#260A0000000A4040
(1789379704.405639) can0 706#2700004040000000
(1789379704.405906) can0 706#2800001400000005
(1789379704.406184) can0 706#2941200000417000
(1789379704.407441) can0 706#2A00404000000000
(1789379704.407700) can0 706#2B00050000007841
(1789379704.408001) can0 706#2CA0000041E00000
(1789379704.408261) can0 706#2D00000960412000
(1789379704.408523) can0 706#2E00000000040000
(1789379704.409019) can0 706#2F00780000002300
(1789379704.409763) can0 706#200000163F19999A
(1789379704.410031) can0 706#213F6666663A0312
(1789379704.410296) can0 706#226F3A03126F0000
(1789379704.410559) can0 706#230001000009C400
(1789379704.410828) can0 706#240000023ECCCCCD
(1789379704.411105) can0 706#2500000001000000
(1789379704.412287) can0 706#2600000000013F99
(1789379704.412544) can0 706#27999A3E6147AE00
(1789379704.412832) can0 706#280000013F800000
(1789379704.416245) can0 706#2900000001000000
(1789379704.422380) can0 706#2A04000000000000
(1789379704.422656) can0 706#2B00C80000000000
(1789379704.423394) can0 706#2C00007D00000001
(1789379704.423658) can0 706#2D000000003F4CCC
(1789379704.424134) can0 706#2ECD3DCCCCCD3E4C
(1789379704.424376) can0 706#2FCCCD3D4CCCCD3D
(1789379704.424647) can0 706#20072B0200000032
(1789379704.424927) can0 706#2100000019000000
(1789379704.425210) can0 706#2232000000000000
(1789379704.425472) can0 706#23000041DE3D7141
(1789379704.425737) can0 706#24C8000041855C29
(1789379704.426032) can0 706#2541F0000040A000
(1789379704.427731) can0 706#260041A0000040A0
(1789379704.428036) can0 706#270000427000003E
(1789379704.428267) can0 706#28B0A3D741855C29
(1789379704.428528) can0 706#29425E3D71444800
(1789379704.428799) can0 706#2A00416A3D713EA3
(1789379704.429070) can0 706#2BD70A40C0000042
(1789379704.429808) can0 706#2C70000041F00000
(1789379704.430089) can0 706#2D41700000000000
(1789379704.430355) can0 706#2E003FC00000453B
(1789379704.430635) can0 706#2F80000000004000
(1789379704.430928) can0 706#2000000100000001
(1789379704.431200) can0 706#21000001F4000000
(1789379704.432159) can0 706#220F000000410000
(1789379704.432649) can0 706#2300400000000500
(1789379704.440733) can0 706#2400001400000007
(1789379704.441058) can0 706#2500000007000000
(1789379704.441277) can0 706#2605000000010000
(1789379704.441761) can0 706#2700010000000000
(1789379704.442497) can0 706#2800000100000000
(1789379704.442771) can0 706#2900000000000000
(1789379704.443269) can0 706#2A01000000000000
(1789379704.443548) can0 706#2B00000000000000
(1789379704.444264) can0 706#2C00001F0000000E
(1789379704.444556) can0 706#2D0000001840E000
(1789379704.444811) can0 706#2E003E99999A3E99
(1789379704.445082) can0 706#2F999A3F8000003F
(1789379704.445357) can0 706#208000003F800000
(1789379704.445633) can0 706#213F8000003F8000
(1789379704.445917) can0 706#22003F8000003F80
(1789379704.446201) can0 706#2300004000000000
(1789379704.448163) can0 706#240000000000017C
(1789379704.448412) can0 706#2540D666663F8000
(1789379704.448691) can0 706#26003F8000003F80
(1789379704.448982) can0 706#2700003F8000003F
(1789379704.449259) can0 706#288000003F800000
(1789379704.449746) can0 706#293FFB98C8404020
(1789379704.450075) can0 706#2AC5000000000000
(1789379704.450275) can0 706#2B00003FC5E3543F
(1789379704.450545) can0 706#2CC9DB233BA0902E
(1789379704.450818) can0 706#2D00000000445800
(1789379704.451092) can0 706#2E0042800000437F
(1789379704.451583) can0 706#2F00000000000044
(1789379704.452297) can0 706#2020000041F00000
(1789379704.452574) can0 706#21437F0000000000
(1789379704.452851) can0 706#220043FA00000000
(1789379704.462365) can0 706#230000437F000000
(1789379704.462635) can0 706#2400000042600000
(1789379704.462925) can0 706#250000000041C800
(1789379704.463411) can0 706#260043C8000040C0
(1789379704.463673) can0 706#27000040C000003D
(1789379704.464143) can0 706#28A3D70A3DA3D70A
(1789379704.464418) can0 706#29404000003DCCCC
(1789379704.464675) can0 706#2ACD412000003F99
(1789379704.464934) can0 706#2B999A4019999A3F
(1789379704.465199) can0 706#2C19999A3E851EB8
(1789379704.465447) can0 706#2D3DA3D70A3F9999
(1789379704.465699) can0 706#2E9ABFC000003F99
(1789379704.465962) can0 706#2F999ABF99999A00
(1789379704.466244) can0 706#200000FA00000800
(1789379704.467490) can0 706#2100000708000007
(1789379704.467763) can0 706#22E4000008340000
(1789379704.468110) can0 706#230960000003E800
(1789379704.468300) can0 706#2400080000000708
(1789379704.468585) can0 706#25000007E4000008
(1789379704.468854) can0 706#263E000009600000
(1789379704.469128) can0 706#27009B0000080000
(1789379704.469632) can0 706#2800082A00000960
(1789379704.469924) can0 706#29000005DC000007
(1789379704.470172) can0 706#2AD03F19999A0000
(1789379704.470453) can0 706#2B0006418800003F
(1789379704.470711) can0 706#2CB9999A00000132
(1789379704.470984) can0 706#2D00000259000000
(1789379704.471253) can0 706#2E75000002DA0000
(1789379704.472203) can0 706#2F02424060000040
(1789379704.472704) can0 706#2060000000000000
(1789379704.482466) can0 706#2143480000434800
(1789379704.482736) can0 706#2200434800003F80
(1789379704.482985) can0 706#2300003ECCCCCD3E
(1789379704.483715) can0 706#24CCCCCD0000000A
(1789379704.484185) can0 706#253D23D70A3D23D7
(1789379704.484686) can0 706#260A3D23D70A2364
(1789379704.484963) can0 706#2700550082005000
(1789379704.485228) can0 706#281E00503E99999A
(1789379704.485471) can0 706#293F19999A3E4CCC
(1789379704.485744) can0 706#2ACD05FF0014000F
(1789379704.486004) can0 706#2BFFFF3DCCCCCD00
(1789379704.486273) can0 706#2C3C001E00040006
(1789379704.488433) can0 706#2D000000060014FF
(1789379704.488701) can0 706#2EFF3E4CCCCD3F80
(1789379704.488967) can0 706#2F00000A1E0A323C
(1789379704.489246) can0 706#20A0FFFF3F800000
(1789379704.489737) can0 706#213F8000003F8000
(1789379704.490006) can0 706#22003F8CCCCD3F00
(1789379704.490290) can0 706#2300003F8000000A
(1789379704.490535) can0 706#24FF001E00000014
(1789379704.490812) can0 706#25000A000050C8FF
(1789379704.491146) can0 706#26FF3F8000004040
(1789379704.491350) can0 706#2700004120000041
(1789379704.492544) can0 706#2820000000FF00C8
(1789379704.492821) can0 706#2900DCFFFF412000
(1789379704.495982) can0 706#2A00646403E83F33
(1789379704.496245) can0 706#2B33333E4CCCCD0F
(1789379704.500436) can0 706#2CFFFFFF00000000
(1789379704.500698) can0 706#2D320AFFFF412000
(1789379704.500991) can0 706#2E00412000004170
(1789379704.501256) can0 706#2F00003F0000003F
(1789379704.502228) can0 706#2000000041B00000
(1789379704.502507) can0 706#213F0000000019FF
(1789379704.502773) can0 706#22BF001900003F80
(1789379704.503265) can0 706#23000047C34FF33F
(1789379704.503518) can0 706#2480000047C34FF3
(1789379704.504237) can0 706#250000000040A000
(1789379704.504510) can0 706#2600027800143F80
(1789379704.504782) can0 706#27000047C34FF33C
(1789379704.505245) can0 706#28FF270F270FFFFF
(1789379704.505511) can0 706#293F0000000028FF
(1789379704.505789) can0 706#2AFF40000000C040
(1789379704.506056) can0 706#2B00003D0F5C293D
(1789379704.506312) can0 706#2C8F5C293F4CCCCD
(1789379704.508526) can0 706#2D3F800000000000
(1789379704.508793) can0 706#2E0402281EFFFFFD
(1789379704.509276) can0 706#2F000A3ECCCCCDBF
(1789379704.510006) can0 706#2019999A003C000A
(1789379704.510271) can0 706#21000600300030FF
(1789379704.510526) can0 706#22BA0032FFCE0032
(1789379704.510802) can0 706#23FFEC000000003F
(1789379704.511077) can0 706#24E666663FC00000
(1789379704.511360) can0 706#2547C34F80408000
(1789379704.511632) can0 706#260047C34F803C93
(1789379704.512806) can0 706#2774BC3D0F5C2941
(1789379704.521351) can0 706#281000000004FFFF
(1789379704.522072) can0 706#293CD4FDF43F9999
(1789379704.522341) can0 706#2A9A47C34F800020
(1789379704.522590) can0 706#2B00010003FFFFBE
(1789379704.522855) can0 706#2CCCCCCDBE4CCCCD
(1789379704.523344) can0 706#2D0050FFEC0014FF
(1789379704.523579) can0 706#2EFF47C34FF33D4C
(1789379704.523845) can0 706#2FCCCD3D4CCCCD3D
(1789379704.524321) can0 706#204CCCCD47C34FF3
(1789379704.524563) can0 706#213D343958033C00
(1789379704.524833) can0 706#22B4FFF60000000A
(1789379704.525102) can0 706#2300420040FFA600
(1789379704.525384) can0 706#240AFFCE000A0204
(1789379704.525638) can0 706#25BE4CCCCDBDCCCC
(1789379704.525894) can0 706#26CD3FC000003CD4
(1789379704.526207) can0 706#27FDF43FC0000040
(1789379704.527687) can0 706#28400000FFFBFFFF
(1789379704.527953) can0 706#29411000003D54FD
(1789379704.528237) can0 706#2AF441A0000030FF
(1789379704.528503) can0 706#2BFF4C003CFFCE00
(1789379704.528764) can0 706#2C50FFEC00140018
(1789379704.529046) can0 706#2D0103FFFFBF9999
(1789379704.529288) can0 706#2E9ABF19999A3E4C
(1789379704.529778) can0 706#2FCCCD3F0000003D
(1789379704.530246) can0 706#200F5C293DB43958
(1789379704.530513) can0 706#21C04000003F9999
(1789379704.530768) can0 706#229A3F4CCCCD4220
(1789379704.531050) can0 706#230000C0C0000040
(1789379704.531319) can0 706#240000003DD70A3D
(1789379704.532268) can0 706#2541A0000030FFFF
(1789379704.532535) can0 706#26A6000AFFCE0050
(1789379704.532796) can0 706#2700503C9374BCBF
(1789379704.536448) can0 706#28800000BF333333
(1789379704.542577) can0 706#293F0000003D0F5C
(1789379704.542845) can0 706#2A2941A000003020
(1789379704.543584) can0 706#2BFFFFBF19999A01
(1789379704.543848) can0 706#2C2C00060010FF60
(1789379704.544320) can0 706#2D0050FFCE0204FF
(1789379704.544581) can0 706#2EFFBFCCCCCDBF4C
(1789379704.544834) can0 706#2FCCCD3FC0000040
(1789379704.545119) can0 706#20400000FFF9FFFF
(1789379704.545401) can0 706#2141400000FFCE00
(1789379704.545664) can0 706#220AFFD80028FF88
(1789379704.545924) can0 706#230078100103FFBF
(1789379704.546242) can0 706#2499999ABF19999A
(1789379704.546443) can0 706#253FC000003F4CCC
(1789379704.547904) can0 706#26CD3E99999A3CD4
(1789379704.548246) can0 706#27FDF43DD70A3D41
(1789379704.548434) can0 706#28A0000060FF0005
(1789379704.548725) can0 706#293CFFFFFF410000
(1789379704.548986) can0 706#2A00000000640032
(1789379704.549267) can0 706#2B00C83F0000003F
(1789379704.549526) can0 706#2C3333333F333333
(1789379704.550005) can0 706#2D40A0000042F000
(1789379704.550280) can0 706#2E00010101010101
(1789379704.550545) can0 706#2FFFFF424800003C
(1789379704.550819) can0 706#208EFA3540E00000
(1789379704.551079) can0 706#2138D1B71738D1B7
(1789379704.551360) can0 706#22173F8000002121
(1789379704.552785) can0 706#230228BE4CCCCDFF
(1789379704.560845) can0 706#2410000040400000
(1789379704.561146) can0 706#25000800040014FF
(1789379704.561404) can0 706#26FF402666663F66
(1789379704.561882) can0 706#27666640A000003E
(1789379704.562593) can0 706#28CCCCCD3F800000
(1789379704.562873) can0 706#293F000000000000
(1789379704.566026) can0 70E#037F367800000000
(1789379704.663185) can0 70E#0276010000000000
(1789379704.664444) can0 706#1FFF36028000003F
(1789379704.664674) can0 70E#3000000000000000
(1789379704.665846) can0 706#2180000043960000
(1789379704.666138) can0 706#2241000000404000
(1789379704.666452) can0 706#23006414C8190CFF
(1789379704.666635) can0 706#24FFFF000000003D
(1789379704.668089) can0 706#25CCCCCD3F4CCCCD
(1789379704.668330) can0 706#263F4CCCCD3FC000
(1789379704.668577) can0 706#270005070A010100
(1789379704.668829) can0 706#2801FF000000013E
(1789379704.669063) can0 706#294CCCCD3C64C388
(1789379704.669305) can0 706#2A3C482B1701C2FF
(1789379704.669563) can0 706#2BFF3F0000003F33
(1789379704.670033) can0 706#2C33333F8CCCCD40
(1789379704.670292) can0 706#2D0000003ECCCCCD
(1789379704.670535) can0 706#2E400CCCCD001E00
(1789379704.670778) can0 706#2F093ECCCCCD3ECC
(1789379704.671015) can0 706#20CCCD3E99999A3F
(1789379704.671269) can0 706#2119999A3F000000
(1789379704.671515) can0 706#2202FFFFFF461C40
(1789379704.672706) can0 706#2300435400004120
(1789379704.673193) can0 706#24000046F3E1CD43
(1789379704.680999) can0 706#2527BD71416B3333
(1789379704.681240) can0 706#263DCCCCCD01FFFF
(1789379704.681497) can0 706#27FF441600004170
(1789379704.681975) can0 706#2800000640AA00A8
(1789379704.682220) can0 706#29DCEBFF0020000C
(1789379704.682698) can0 706#2A270FFFFF3E9999
(1789379704.682951) can0 706#2B9A000000004314
(1789379704.683195) can0 706#2C00003EE6666644
(1789379704.683686) can0 706#2D38C00043140000
(1789379704.683933) can0 706#2E3EE66666000000
(1789379704.684655) can0 706#2F0043A500003F73
(1789379704.685133) can0 706#2033334438C00043
(1789379704.685371) can0 706#21A500003F733333
(1789379704.685626) can0 706#2243B80000438200
(1789379704.685878) can0 706#23003F7333334370
(1789379704.686127) can0 706#240000436E00003F
(1789379704.686352) can0 706#2573333343B80000
(1789379704.686604) can0 706#26439000003F7333
(1789379704.689281) can0 706#273343D70000436E
(1789379704.689518) can0 706#2800003F73333344
(1789379704.689777) can0 706#29098000436E0000
(1789379704.690252) can0 706#2A3F73333343B800
(1789379704.690500) can0 706#2B00435600003F19
(1789379704.690750) can0 706#2C999A0000000000
(1789379704.691002) can0 706#2D00000000000000
(1789379704.691260) can0 706#2E00000000000000
(1789379704.691522) can0 706#2F00000000000000
(1789379704.691787) can0 706#2000000000000000
(1789379704.692740) can0 706#2100000000000000
(1789379704.693007) can0 706#2200000000000000
(1789379704.693254) can0 706#2300000000000000
(1789379704.701335) can0 706#2400000000000000
(1789379704.701595) can0 706#2500000000000000
(1789379704.702571) can0 706#2600000000000A00
(1789379704.702834) can0 706#2700000100090000
(1789379704.703071) can0 706#2800090005000000
(1789379704.703343) can0 706#2905000200010009
(1789379704.703821) can0 706#2A00080001000800
(1789379704.704110) can0 706#2B03000900080007
(1789379704.704605) can0 706#2C00090007000400
(1789379704.704848) can0 706#2D09000400050008
(1789379704.705122) can0 706#2E00070006000800
(1789379704.705385) can0 706#2F06000300070006
(1789379704.705643) can0 706#2000040006000400
(1789379704.706126) can0 706#2105000600050002
(1789379704.706369) can0 706#2200060002000300
(1789379704.706627) can0 706#2300000000000000
(1789379704.707871) can0 706#2400000000000000
(1789379704.708163) can0 706#2500FFFF42C80000
(1789379704.708417) can0 706#263F000000000000
(1789379704.708675) can0 706#2700000000004248
(1789379704.708921) can0 706#28000041A0000042
(1789379704.709180) can0 706#29C8000042C80000
(1789379704.709673) can0 706#2A00000000000000
(1789379704.710401) can0 706#2B0000000000050A
(1789379704.710648) can0 706#2C012C3EE666663F
(1789379704.710925) can0 706#2D7333333F733333
(1789379704.711178) can0 706#2EC0000000BF0000
(1789379704.711423) can0 706#2F0006300AFFFF9C
(1789379704.711676) can0 706#200000000014FFBD
(1789379704.713084) can0 706#21D70A3D3F19999A
(1789379704.722127) can0 706#2241A00000BFC000
(1789379704.722627) can0 706#2300017100800037
(1789379704.722887) can0 706#24FFE7001E270F27
(1789379704.723128) can0 706#250F000200040000
(1789379704.723374) can0 706#264131C28F40DE14
(1789379704.724099) can0 706#277B00000BB80000
(1789379704.724579) can0 706#2827104282000044
(1789379704.724827) can0 706#2916000000000096
(1789379704.725088) can0 706#2A0000000E000000
(1789379704.725341) can0 706#2B08000000010000
(1789379704.725593) can0 706#2C000D0000000A00
(1789379704.725854) can0 706#2D0000063F800000
(1789379704.726077) can0 706#2E3BA3D70A3C75C2
(1789379704.726336) can0 706#2F8F3C23D70A4000
(1789379704.726591) can0 706#2000003F0000003A
(1789379704.728260) can0 706#2103126F3BA3D70A
(1789379704.728561) can0 706#223C75C28F000000
(1789379704.728758) can0 706#2306000000080000
(1789379704.729011) can0 706#2400080000000E03
(1789379704.729262) can0 706#25FFFFFF3D75C28F
(1789379704.729562) can0 706#264491E0004491E0
(1789379704.729747) can0 706#270043BC00004370
(1789379704.730242) can0 706#28000002F001E000
(1789379704.730564) can0 706#2900000002F001E0
(1789379704.730958) can0 706#2ABF99999ABDCCCC
(1789379704.731199) can0 706#2BCD3FA66666BFCB
(1789379704.731445) can0 706#2C4BC700000000BF
(1789379704.731688) can0 706#2DC90FF93C23D70A
(1789379704.732625) can0 706#2E3C23D70A3C23D7
(1789379704.732865) can0 706#2F0A3C8EFA393C0E
(1789379704.733113) can0 706#20FA393C8EFA3900
(1789379704.733362) can0 706#2100000002E400B8
(1789379704.736792) can0 706#2241500000400CCC
(1789379704.741438) can0 706#23CD3B64C3880000
(1789379704.741711) can0 706#24FFFF3C88CE703E
(1789379704.742183) can0 706#25CCCCCD3D05F06F
(1789379704.742891) can0 706#263E99999A434800
(1789379704.743166) can0 706#27000000000A0000
(1789379704.743441) can0 706#2800780000005A00
(1789379704.743938) can0 706#2900003C0000000A
(1789379704.744227) can0 706#2A0000001E000000
(1789379704.744939) can0 706#2BB4000000140000
(1789379704.745228) can0 706#2C00050000002800
(1789379704.745480) can0 706#2D0000143D4CCCCD
(1789379704.745760) can0 706#2E0000000F000000
(1789379704.746025) can0 706#2F64000000500000
(1789379704.746301) can0 706#2000020000000500
(1789379704.746596) can0 706#2100000100000001
(1789379704.748596) can0 706#22050808080A1005
(1789379704.748807) can0 706#2305051024050805
(1789379704.749078) can0 706#2406053D4CCCCD00
(1789379704.749355) can0 706#2503FFFF437A0000
(1789379704.749629) can0 706#2640C0000041F000
(1789379704.750146) can0 706#27003FC00000BFC0
(1789379704.750420) can0 706#2800003F8CCCCD42
(1789379704.750770) can0 706#29A0000043960000
(1789379704.750952) can0 706#2ABF80000042C800
(1789379704.751212) can0 706#2B000000000F4006
(1789379704.751479) can0 706#2C66660000000842
(1789379704.751759) can0 706#2D05554D41DE38EF
(1789379704.752953) can0 706#2E0000001E000001
(1789379704.753444) can0 706#2FF40000001E0000
(1789379704.762970) can0 706#2001F44080000000
(1789379704.763236) can0 706#2100002800000096
(1789379704.763725) can0 706#2200000014000000
(1789379704.763968) can0 706#234B3C64C3883F00
(1789379704.764244) can0 706#2400000000012C00
(1789379704.764737) can0 706#25000000FFFFFFFE
(1789379704.764990) can0 706#26FFFFFFFE000003
(1789379704.765265) can0 706#27E80000001E0000
(1789379704.765547) can0 706#280BB8000000F040
(1789379704.765817) can0 706#29C0000041000000
(1789379704.766089) can0 706#2A41000000434800
(1789379704.766354) can0 706#2B004020000042A0
(1789379704.766643) can0 706#2C00004040000041
(1789379704.767884) can0 706#2D00000041200000
(1789379704.768162) can0 706#2E00000000000000
(1789379704.768440) can0 706#2F784080000040C0
(1789379704.768719) can0 706#2000004080000000
(1789379704.768971) can0 706#210000003D75C28F
(1789379704.769237) can0 706#223F333333408000
(1789379704.769517) can0 706#230040C0000040C0
(1789379704.769792) can0 706#2400004348000040
(1789379704.770282) can0 706#2520000042A00000
(1789379704.770555) can0 706#263F80000040C000
(1789379704.770825) can0 706#2700410000000000
(1789379704.771116) can0 706#2800000000003C40
(1789379704.771378) can0 706#2940000040A00000
(1789379704.771661) can0 706#2A40400000000000
(1789379704.772637) can0 706#2B003D75C28F3F33
(1789379704.772866) can0 706#2C33334000000040
(1789379704.773153) can0 706#2D80000040800000
(1789379704.773421) can0 706#2E43480000402000
(1789379704.776825) can0 706#2F0042A000000000
(1789379704.783453) can0 706#2000004080000040
(1789379704.784178) can0 706#21A0000000000000
(1789379704.784674) can0 706#220000001E400000
(1789379704.784942) can0 706#2300408000004000
(1789379704.785440) can0 706#240000000000003D
(1789379704.785703) can0 706#2575C28F3F333333
(1789379704.785975) can0 706#264396000043E100
(1789379704.786250) can0 706#2700452280000004
(1789379704.786509) can0 706#28FFFF3DCCCCCD3C
(1789379704.786776) can0 706#2923D70A0850CD78
(1789379704.788702) can0 706#2A0000FFFF3F9999
(1789379704.788978) can0 706#2B9A003200320000
(1789379704.789241) can0 706#2C0032000000503E
(1789379704.789516) can0 706#2D4CCCCD40B1C77A
(1789379704.789776) can0 706#2E4031C77A412000
(1789379704.790271) can0 706#2F0042F0000040A0
(1789379704.790540) can0 706#200000C220000042
(1789379704.790822) can0 706#212000000000001E
(1789379704.791075) can0 706#220000001E000000
(1789379704.791351) can0 706#230A412000003D4C
(1789379704.791676) can0 706#24CCCD3F6666663F
(1789379704.791864) can0 706#256666663F000000
(1789379704.793299) can0 706#263ECCCCCD3F1999
(1789379704.800873) can0 706#279A3E99999A3ECC
(1789379704.801151) can0 706#28CCCD000003E83F
(1789379704.801401) can0 706#294CCCCD42C80000
(1789379704.801687) can0 706#2A4270000042F000
(1789379704.802698) can0 706#2B000000029B0000
(1789379704.802924) can0 706#2C00000000000000
(1789379704.803189) can0 706#2D0000003DCCCCCD
(1789379704.803470) can0 706#2E3F0000003F8000
(1789379704.803960) can0 706#2F0042F0000041F0
(1789379704.804229) can0 706#2000004120000042
(1789379704.804956) can0 706#21F0000040A00000
(1789379704.805218) can0 706#2200000000422000
(1789379704.805510) can0 706#23000000001E0000
(1789379704.805769) can0 706#24001E0000000A41
(1789379704.806031) can0 706#252000003D4CCCCD
(1789379704.806505) can0 706#263F6666663F6666
(1789379704.806788) can0 706#2766000000000000
(1789379704.808744) can0 706#2800003F8000003E
(1789379704.809009) can0 706#2999999A3E99999A
(1789379704.809274) can0 706#2A0000012C3E9999
(1789379704.809751) can0 706#2B9A428C00004270
(1789379704.810507) can0 706#2C000042F0000000
(1789379704.810777) can0 706#2D00029B00000000
(1789379704.811054) can0 706#2E00000000000000
(1789379704.811320) can0 706#2F003DCCCCCD3F00
(1789379704.811597) can0 706#2000003F80000042
(1789379704.811884) can0 706#21F0000041F00000
(1789379704.812150) can0 706#224120000042F000
(1789379704.813085) can0 706#230040A000000000
(1789379704.813370) can0 706#2400004220000000
(1789379704.821722) can0 706#2500001E00000078
(1789379704.821952) can0 706#260000000A412000
(1789379704.822729) can0 706#27003D4CCCCD3F00
(1789379704.822960) can0 706#2800003F00000000
(1789379704.823236) can0 706#2900000000000000
(1789379704.823504) can0 706#2A3EAA7EFA3EAA7E
(1789379704.824003) can0 706#2BFA3EAA7EFA0000
(1789379704.824252) can0 706#2C03E83F19999A42
(1789379704.824743) can0 706#2DC8000042700000
(1789379704.825023) can0 706#2E42F00000000000
(1789379704.825292) can0 706#2FC8000000000000
(1789379704.825575) can0 706#200000000000003D
(1789379704.825839) can0 706#21CCCCCD3F000000
(1789379704.826084) can0 706#223F80000042F000
(1789379704.826360) can0 706#230041F000004120
(1789379704.826634) can0 706#24000042F0000041
(1789379704.826911) can0 706#25A0000000000258
(1789379704.828625) can0 706#2642700000000000
(1789379704.828907) can0 706#27640000000A0000
(1789379704.829186) can0 706#2800C80000000242
(1789379704.829461) can0 706#2970000000000000
(1789379704.829736) can0 706#2A41F0000042F000
(1789379704.830003) can0 706#2B003F6666663DB2
(1789379704.830478) can0 706#2CB8C24348000000
(1789379704.830757) can0 706#2D00000000000000
(1789379704.831035) can0 706#2E3F800000000000
(1789379704.831513) can0 706#2F00000000003DCC
(1789379704.831765) can0 706#20CCCD3F0000003F
(1789379704.832964) can0 706#2180000042F00000
(1789379704.833468) can0 706#2241F00000412000
(1789379704.842959) can0 706#230042F0000041A0
(1789379704.843235) can0 706#2400000000000A42
(1789379704.843516) can0 706#2570000000000064
(1789379704.844245) can0 706#2600000000000003
(1789379704.844762) can0 706#27E8000000644270
(1789379704.845019) can0 706#2800000000000041
(1789379704.845291) can0 706#29F0000042F00000
(1789379704.845551) can0 706#2A3F7AE1483DB2B8
(1789379704.845824) can0 706#2BC2400000000000
(1789379704.846103) can0 706#2C000040A000003F
(1789379704.846377) can0 706#2D80000000000000
(1789379704.846659) can0 706#2E000000003DCCCC
(1789379704.846935) can0 706#2FCD3F0000003F80
(1789379704.848398) can0 706#20000042F0000041
(1789379704.848677) can0 706#21F0000041200000
(1789379704.848940) can0 706#22404000003F1999
(1789379704.849193) can0 706#239A4120000042C8
(1789379704.849469) can0 706#2400004040000042
(1789379704.849776) can0 706#25F0000041A00000
(1789379704.850006) can0 706#260000000A427000
(1789379704.850497) can0 706#2700000000640000
(1789379704.850779) can0 706#280000000003E800
(1789379704.851061) can0 706#2900000A42700000
(1789379704.851330) can0 706#2A0000000041F000
(1789379704.851603) can0 706#2B0042F000003F66
(1789379704.851864) can0 706#2C66663DB2B8C241
(1789379704.853067) can0 706#2D00000000000000
(1789379704.853342) can0 706#2E408000003F8000
(1789379704.856783) can0 706#2F00000000000000
(1789379704.857027) can0 706#2000003DCCCCCD3F
(1789379704.861478) can0 706#210000003F800000
(1789379704.861792) can0 706#2242F0000041F000
(1789379704.862015) can0 706#2300412000003F63
(1789379704.862488) can0 706#24D70A3E99999A00
(1789379704.863439) can0 706#2500000C00000014
(1789379704.863937) can0 706#2640000000000000
(1789379704.864172) can0 706#27043E4CCCCD3F4C
(1789379704.864439) can0 706#28CCCD3F33333300
(1789379704.865154) can0 706#2900006400000032
(1789379704.865439) can0 706#2A0000003C000000
(1789379704.865689) can0 706#2B14BE4CCCCD0000
(1789379704.865981) can0 706#2C00003F0000003D
(1789379704.866253) can0 706#2DCCCCCD00000028
(1789379704.866529) can0 706#2E00000010000000
(1789379704.866805) can0 706#2F00000000003DCC
(1789379704.869004) can0 706#20CCCD3F0000003F
(1789379704.869293) can0 706#2180000042F00000
(1789379704.869571) can0 706#2241F00000412000
(1789379704.869831) can0 706#2300400000004000
(1789379704.870115) can0 706#2400003F00000041
(1789379704.870608) can0 706#25A0000041200000
(1789379704.870874) can0 706#26441600003F8000
(1789379704.871141) can0 706#270040A000003E99
(1789379704.871426) can0 706#28999A3F3333333F
(1789379704.871681) can0 706#2933333341A00000
(1789379704.871963) can0 706#2A42F0000041A000
(1789379704.872442) can0 706#2B00427000004000
(1789379704.873165) can0 706#2C00000000002000
(1789379704.873661) can0 706#2D00000A00000064
(1789379704.882932) can0 706#2E00000002000000
(1789379704.883182) can0 706#2F0A000000010000
(1789379704.883458) can0 706#20001E4270000000
(1789379704.883959) can0 706#2100000041F00000
(1789379704.884191) can0 706#2242F000003C23D7
(1789379704.884478) can0 706#230A000000000000
(1789379704.884967) can0 706#2400003E8000003F
(1789379704.885456) can0 706#2535C28F00000000
(1789379704.885736) can0 706#26000000003DCCCC
(1789379704.886013) can0 706#27CD3F0000003F80
(1789379704.886291) can0 706#28000042F0000041
(1789379704.886573) can0 706#29F0000041200000
(1789379704.886835) can0 706#2ABF800000BF6666
(1789379704.889249) can0 706#2B66BF4CCCCD3E4C
(1789379704.889521) can0 706#2CCCCD3F0000003F
(1789379704.889840) can0 706#2D8000003F800000
(1789379704.890071) can0 706#2E3F8000003F8000
(1789379704.890550) can0 706#2F003E99999A0000
(1789379704.890846) can0 706#2000003F8000003F
(1789379704.891112) can0 706#218000003F800000
(1789379704.891383) can0 706#223F8000003F8000
(1789379704.891668) can0 706#2300000000003F80
(1789379704.891923) can0 706#240000000000003F
(1789379704.893365) can0 706#258000003F800000
(1789379704.893651) can0 706#263F8000003F8000
(1789379704.897059) can0 706#27003F8000000000
(1789379704.903214) can0 706#2800003F80000000
(1789379704.903489) can0 706#2900000000000000
(1789379704.904219) can0 706#2A00000000000000
(1789379704.904505) can0 706#2B00000000003F80
(1789379704.904989) can0 706#2C00000000000000
(1789379704.905245) can0 706#2D00000000000000
(1789379704.905512) can0 706#2E3DCCCCCD3F1999
(1789379704.905773) can0 706#2F9A3F19999A3F33
(1789379704.906033) can0 706#2033333ECCCCCD41
(1789379704.906294) can0 706#21F000003F266666
(1789379704.906756) can0 706#223F2666663F3333
(1789379704.907026) can0 706#23333ECCCCCD41F0
(1789379704.908483) can0 706#2400003F19999A3F
(1789379704.908751) can0 706#2519999A3F333333
(1789379704.909026) can0 706#263ECCCCCD41F000
(1789379704.909274) can0 706#27000000012C0000
(1789379704.909546) can0 706#2802580000025800
(1789379704.910034) can0 706#2900012C00000000
(1789379704.910767) can0 706#2A42C80000434800
(1789379704.911037) can0 706#2B0041A000003E99
(1789379704.911301) can0 706#2C999A3F00000042
(1789379704.911569) can0 706#2DC8000041A00000
(1789379704.911883) can0 706#2E41A00000412000
(1789379704.913308) can0 706#2F003F0000004120
(1789379704.920904) can0 706#20000041A0000042
(1789379704.921172) can0 706#2148000040000000
(1789379704.921435) can0 706#22412000003DCCCC
(1789379704.921716) can0 706#23CD412000003F4C
(1789379704.921963) can0 706#24CCCD0000000540
(1789379704.922452) can0 706#25000000000000F0
(1789379704.922946) can0 706#2600000021000000
(1789379704.923222) can0 706#27190000000343FA
(1789379704.923501) can0 706#28000041F0000000
(1789379704.923997) can0 706#290000F500000019
(1789379704.924244) can0 706#2A000000643F7D70
(1789379704.924523) can0 706#2BA43F0000000000
(1789379704.925244) can0 706#2C4E204396000004
(1789379704.925506) can0 706#2D0F0AFF3E19999A
(1789379704.925781) can0 706#2E05070AFF40E000
(1789379704.926051) can0 706#2F003E4CCCCD4040
(1789379704.926298) can0 706#2000000308030303
(1789379704.926576) can0 706#2100000000010000
(1789379704.926827) can0 706#223DCCCCCD3851B7
(1789379704.927083) can0 706#2317391D4952399D
(1789379704.929269) can0 706#24495232FFFFFF3E
(1789379704.929556) can0 706#258000000A28FFFF
(1789379704.929813) can0 706#263D8F5C293E8000
(1789379704.930077) can0 706#27003E19999A3D4C
(1789379704.930558) can0 706#28CCCD0A500F013F
(1789379704.930814) can0 706#29C000003E4CCCCD
(1789379704.931089) can0 706#2A3ECCCCCD3D4CCC
(1789379704.931350) can0 706#2BCD3C23D70A3DCC
(1789379704.931816) can0 706#2CCCCD0096FFFF40
(1789379704.932080) can0 706#2D6666663F333333
(1789379704.932570) can0 706#2E3E99999A3F8000
(1789379704.933039) can0 706#2F003F6666661EFF
(1789379704.933291) can0 706#20FFFF3ECCCCCD40
(1789379704.933561) can0 706#21A0000040000000
(1789379704.942098) can0 706#223C83126F3D4CCC
(1789379704.942580) can0 706#23CD3E4CCCCD3F00
(1789379704.943069) can0 706#2400003F4CCCCD3F
(1789379704.943313) can0 706#2580000041200000
(1789379704.943576) can0 706#2632FFFFFF3D4CCC
(1789379704.944059) can0 706#27CD3D4CCCCD3DCC
(1789379704.944286) can0 706#28CCCD3DCCCCCD3D
(1789379704.944551) can0 706#29CCCCCD3CF5C28F
(1789379704.945029) can0 706#2A3E99999A01F401
(1789379704.945277) can0 706#2BC201F4022602BC
(1789379704.945538) can0 706#2C0384038503E801
(1789379704.945816) can0 706#2DF401F400780064
(1789379704.946103) can0 706#2E00500000000000
(1789379704.946341) can0 706#2FFA012C015E01C2
(1789379704.946601) can0 706#200258025902BC01
(1789379704.946939) can0 706#21F401F40063004C
(1789379704.947140) can0 706#22003A0000000000
(1789379704.948381) can0 706#23320064009600C8
(1789379704.948639) can0 706#24012C012D019001
(1789379704.948944) can0 706#25F401F40028001E
(1789379704.949181) can0 706#2600140000000003
(1789379704.949468) can0 706#27E8417000000000
(1789379704.949738) can0 706#28000041C8000041
(1789379704.950008) can0 706#29F4000042200000
(1789379704.950493) can0 706#2A17701770177017
(1789379704.950777) can0 706#2B700258FFFF4140
(1789379704.951044) can0 706#2C00000000000042
(1789379704.951293) can0 706#2D2000000BB80BB8
(1789379704.951560) can0 706#2E00FAFFFF412000
(1789379704.951835) can0 706#2F00000000004220
(1789379704.952118) can0 706#20000001F401F43D
(1789379704.953544) can0 706#21CCCCCD3E99999A
(1789379704.963773) can0 706#2201FFFFFF3F8CCC
(1789379704.964486) can0 706#23CD3F8000003DCC
(1789379704.964971) can0 706#24CCCD3E4CCCCD64
(1789379704.965239) can0 706#25FFFFFF3F800000
(1789379704.965502) can0 706#2640000000406000
(1789379704.965779) can0 706#270040A0000040C0
(1789379704.966046) can0 706#2800000F0F1E2D2D
(1789379704.966324) can0 706#2946FFFF3F000000
(1789379704.966586) can0 706#2A3F99999A19FFFF
(1789379704.966861) can0 706#2BFF3F8000001964
(1789379704.967121) can0 706#2CFFFF3CCCCCCD3D
(1789379704.968575) can0 706#2D4CCCCD321EFFFF
(1789379704.968832) can0 706#2E3E4CCCCD3CCCCC
(1789379704.969101) can0 706#2FCD3D75C28F3DCC
(1789379704.969342) can0 706#20CCCD320A00500A
(1789379704.969616) can0 706#21FFFFFF4172AC08
(1789379704.969877) can0 706#2241846666428800
(1789379704.970151) can0 706#2300428C00003FC0
(1789379704.970635) can0 706#24000014FFFFFF40
(1789379704.970982) can0 706#254000000064FFFF
(1789379704.971162) can0 706#263DCCCCCD3DCCCC
(1789379704.971434) can0 706#27CD403333330032
(1789379704.971689) can0 706#2802580A320BB823
(1789379704.971984) can0 706#2928050A0F1403FE
(1789379704.972990) can0 706#2A0190015E01F4FF
(1789379704.973186) can0 706#2BFF402CCCCD0000
(1789379704.973463) can0 706#2C00004185999A41
(1789379704.973717) can0 706#2D9B333341B1999A
(1789379704.976882) can0 706#2E41C8000041DE66
(1789379704.977140) can0 706#2F6641FA66664210
(1789379704.981558) can0 706#2066664226CCCD42
(1789379704.982039) can0 706#218C00003F800000
(1789379704.982769) can0 706#223F8000003F67EF
(1789379704.983029) can0 706#239E3F51EB853F3E
(1789379704.983298) can0 706#24B8523F30A3D73F
(1789379704.983550) can0 706#252147AE3F0F5C29
(1789379704.983820) can0 706#263EF851EC3E8E56
(1789379704.984311) can0 706#2704000000003983
(1789379704.984563) can0 706#28126F3A449BA63A
(1789379704.985282) can0 706#29A3D70A3AE56042
(1789379704.985750) can0 706#2A3B23D70A3B8312
(1789379704.986008) can0 706#2B6F3C23D70A3C75
(1789379704.986274) can0 706#2CC28F3F8000003F
(1789379704.986541) can0 706#2D8000003F70A3D7
(1789379704.986806) can0 706#2E3F63D70A3F5999
(1789379704.987060) can0 706#2F9A3F47AE143F38
(1789379704.989732) can0 706#2051EC3F2666663F
(1789379704.990015) can0 706#2126666600000000
(1789379704.990252) can0 706#223851B717391D49
(1789379704.990728) can0 706#23523983126F39D1
(1789379704.991021) can0 706#24B7173A51B7173A
(1789379704.991248) can0 706#2583126F3F800000
(1789379704.991527) can0 706#263F8000003F6666
(1789379704.991801) can0 706#27663F59999A3F4F
(1789379704.992051) can0 706#285C293F3851EC3F
(1789379704.992310) can0 706#293851EC3CA3D70A
(1789379704.993505) can0 706#2A00000000408000
(1789379705.002055) can0 706#2B0040A0000040C0
(1789379705.003275) can0 706#2C000040E000003F
(1789379705.003560) can0 706#2D8000003F800000
(1789379705.003828) can0 706#2E3F4CCCCD3F1999
(1789379705.004306) can0 706#2F9A3F19999A0000
(1789379705.004573) can0 706#2000003F80000040
(1789379705.005073) can0 706#2100000040400000
(1789379705.005351) can0 706#22408000003F3333
(1789379705.005613) can0 706#23333F3333333F59
(1789379705.005997) can0 706#24999A3F8000003F
(1789379705.006224) can0 706#258000003CA3D70A
(1789379705.006394) can0 706#26000000003E4CCC
(1789379705.006673) can0 706#27CD3F8000004040
(1789379705.007061) can0 706#2800000000000000
(1789379705.008420) can0 706#290000003F800000
(1789379705.008709) can0 706#2A3F8000003F0000
(1789379705.009072) can0 706#2B00BA102DE0B851
(1789379705.009233) can0 706#2CB7173851B7173A
(1789379705.009474) can0 706#2D102DE000000000
(1789379705.009749) can0 706#2E00000000000000
(1789379705.011237) can0 706#2F00000000004000
(1789379705.011515) can0 706#2000003D75C28F07
(1789379705.011790) can0 706#2108FFFF3F000000
(1789379705.012058) can0 706#22402000003F1999
(1789379705.013226) can0 706#239A3F19999A417C
(1789379705.013498) can0 706#24CCCD0258006400
(1789379705.013767) can0 706#2500000041200000
(1789379705.017176) can0 706#260460FFFF3B8312
(1789379705.022808) can0 706#276F4248000041F0
(1789379705.023301) can0 706#2800004170000040
(1789379705.023580) can0 706#2900000005030201
(1789379705.023867) can0 706#2A400000003F0000
(1789379705.024580) can0 706#2B003A83126F4120
(1789379705.025073) can0 706#2C00003EE6666640
(1789379705.025330) can0 706#2D2000003D0F5C29
(1789379705.025589) can0 706#2E41B00000412000
(1789379705.025872) can0 706#2F004040000040A0
(1789379705.026142) can0 706#2000003F33333301
(1789379705.026402) can0 706#210403FF42F00000
(1789379705.026669) can0 706#22439600003DCCCC
(1789379705.026950) can0 706#23CD0000FFFF0000
(1789379705.027222) can0 706#2400004060000000
(1789379705.028925) can0 706#250100003DCCCCCD
(1789379705.029184) can0 706#263851B717391D49
(1789379705.029425) can0 706#2752399D495232FF
(1789379705.029698) can0 706#28FFFF3E8000000A
(1789379705.029953) can0 706#2928FFFF3D8F5C29
(1789379705.030228) can0 706#2A3E8000003E1999
(1789379705.030692) can0 706#2B9A3D4CCCCD0A50
(1789379705.030967) can0 706#2C0F013FC000003E
(1789379705.031225) can0 706#2D4CCCCD3ECCCCCD
(1789379705.031455) can0 706#2E3D4CCCCD3C23D7
(1789379705.031719) can0 706#2F0A3DCCCCCD0096
(1789379705.032183) can0 706#20FFFF406666663F
(1789379705.033377) can0 706#213333333E99999A
(1789379705.033865) can0 706#223F8000003F6666
(1789379705.041670) can0 706#23661EFFFFFF3ECC
(1789379705.041942) can0 706#24CCCD40A0000040
(1789379705.042216) can0 706#250000003C83126F
(1789379705.042691) can0 706#263D4CCCCD3E4CCC
(1789379705.043410) can0 706#27CD3F0000003F4C
(1789379705.043672) can0 706#28CCCD3F80000041
(1789379705.044173) can0 706#2920000032FFFFFF
(1789379705.044430) can0 706#2A3D4CCCCD3D4CCC
(1789379705.044694) can0 706#2BCD3DCCCCCD3DCC
(1789379705.045402) can0 706#2CCCCD3DCCCCCD3C
(1789379705.045657) can0 706#2DF5C28F3E99999A
(1789379705.045934) can0 706#2E01F401C201F402
(1789379705.046176) can0 706#2F2602BC03840385
(1789379705.046453) can0 706#2003E801F401F400
(1789379705.046718) can0 706#2178006400500000
(1789379705.046993) can0 706#22000000FA012C01
(1789379705.047263) can0 706#235E01C202580259
(1789379705.049453) can0 706#2402BC01F401F400
(1789379705.049736) can0 706#2563004C003A0000
(1789379705.049991) can0 706#2600000032006400
(1789379705.050267) can0 706#279600C8012C012D
(1789379705.050758) can0 706#28019001F401F400
(1789379705.051028) can0 706#2928001E00140000
(1789379705.051302) can0 706#2A000003E8417000
(1789379705.051581) can0 706#2B000000000041C8
(1789379705.051846) can0 706#2C000041F4000042
(1789379705.052116) can0 706#2D20000017701770
(1789379705.053118) can0 706#2E177017700258FF
(1789379705.053331) can0 706#2FFF414000000000
(1789379705.053616) can0 706#200000422000000B
(1789379705.053888) can0 706#21B80BB800FAFFFF
(1789379705.062702) can0 706#2241200000000000
(1789379705.063415) can0 706#23004220000001F4
(1789379705.063680) can0 706#2401F43DCCCCCD3E
(1789379705.063964) can0 706#2599999A01FFFFFF
(1789379705.064440) can0 706#263F8CCCCD3F8000
(1789379705.064701) can0 706#27003DCCCCCD3E4C
(1789379705.065182) can0 706#28CCCD64FFFFFF3F
(1789379705.065463) can0 706#2980000000000000
(1789379705.068637) can0 70E#037F367800000000
(1789379705.122010) can0 70E#0276020000000000
(1789379705.123744) can0 706#1FFF360300004000
(1789379705.124007) can0 70E#3000000000000000
(1789379705.128721) can0 706#2100004060000040
(1789379705.128974) can0 706#22A0000040C00000
(1789379705.129242) can0 706#230F0F1E2D2D46FF
(1789379705.129468) can0 706#24FF3F0000003F99
(1789379705.129729) can0 706#25999A19FFFFFF3F
(1789379705.129983) can0 706#268000001964FFFF
(1789379705.130238) can0 706#273CCCCCCD3D4CCC
(1789379705.130456) can0 706#28CD321EFFFF3E4C
(1789379705.130924) can0 706#29CCCD3CCCCCCD3D
(1789379705.131157) can0 706#2A75C28F3DCCCCCD
(1789379705.131416) can0 706#2B320A00500AFFFF
(1789379705.131654) can0 706#2CFF417666664184
(1789379705.131895) can0 706#2D66664288000042
(1789379705.132150) can0 706#2E8C00003FC00000
(1789379705.133336) can0 706#2F14FFFFFF404000
(1789379705.133583) can0 706#20000064FFFF3DCC
(1789379705.133812) can0 706#21CCCD3DCCCCCD40
(1789379705.137462) can0 706#2233333300320258
(1789379705.143812) can0 706#230A320BB8232805
(1789379705.144065) can0 706#240A0F1403FE0190
(1789379705.144789) can0 706#25015E01F4FFFF40
(1789379705.145293) can0 706#262CCCCD00000000
(1789379705.145528) can0 706#274185999A419B33
(1789379705.145764) can0 706#283341B1999A41C8
(1789379705.146001) can0 706#29000041DE666641
(1789379705.146269) can0 706#2AFA666642106666
(1789379705.146481) can0 706#2B4226CCCD428C00
(1789379705.146751) can0 706#2C003F8000003F80
(1789379705.146993) can0 706#2D00003F67EF9E3F
(1789379705.147277) can0 706#2E51EB853F3EB852
(1789379705.147481) can0 706#2F3F30A3D73F2147
(1789379705.148929) can0 706#20AE3F0F5C293EF8
(1789379705.149176) can0 706#2151EC3E8E560400
(1789379705.149432) can0 706#220000003983126F
(1789379705.149657) can0 706#233A449BA63AA3D7
(1789379705.149898) can0 706#240A3AE560423B23
(1789379705.150130) can0 706#25D70A3B83126F3C
(1789379705.150374) can0 706#2623D70A3C75C28F
(1789379705.150852) can0 706#273F8000003F8000
(1789379705.151113) can0 706#28003F70A3D73F63
(1789379705.151352) can0 706#29D70A3F59999A3F
(1789379705.151584) can0 706#2A47AE143F3851EC
(1789379705.151817) can0 706#2B3F2666663F2666
(1789379705.152077) can0 706#2C66000000003851
(1789379705.152311) can0 706#2DB717391D495239
(1789379705.153730) can0 706#2E83126F39D1B717
(1789379705.161789) can0 706#2F3A51B7173A8312
(1789379705.162033) can0 706#206F3F8000003F80
(1789379705.162296) can0 706#2100003F6666663F
(1789379705.162754) can0 706#2259999A3F4F5C29
(1789379705.163004) can0 706#233F3851EC3F3851
(1789379705.163716) can0 706#24EC3CA3D70A0000
(1789379705.163961) can0 706#2500004080000040
(1789379705.164460) can0 706#26A0000040C00000
(1789379705.164708) can0 706#2740E000003F8000
(1789379705.164960) can0 706#28003F8000003F4C
(1789379705.165665) can0 706#29CCCD3F19999A3F
(1789379705.165918) can0 706#2A19999A00000000
(1789379705.166168) can0 706#2B3F800000400000
(1789379705.166433) can0 706#2C00404000004080
(1789379705.166668) can0 706#2D00003F3333333F
(1789379705.166912) can0 706#2E3333333F59999A
(1789379705.167157) can0 706#2F3F8000003F8000
(1789379705.167421) can0 706#20003CA3D70A0000
(1789379705.169363) can0 706#2100003E4CCCCD3F
(1789379705.169624) can0 706#2280000040400000
(1789379705.169878) can0 706#2300000000000000
(1789379705.170138) can0 706#24003F8000003F80
(1789379705.170401) can0 706#2500003F000000BA
(1789379705.170875) can0 706#26102DE0B851B717
(1789379705.171121) can0 706#273851B7173A102D
(1789379705.171370) can0 706#28E0000000000000
(1789379705.171623) can0 706#2900000000000000
(1789379705.171881) can0 706#2A00000040000000
(1789379705.172131) can0 706#2B3D75C28F0708FF
(1789379705.172368) can0 706#2CFF3F0000004020
(1789379705.173077) can0 706#2D00003F19999A3F
(1789379705.173327) can0 706#2E19999A417CCCCD
(1789379705.173575) can0 706#2F02580064000000
(1789379705.173830) can0 706#2000412000000460
(1789379705.174085) can0 706#21FFFF3B83126F42
(1789379705.182403) can0 706#2248000041F00000
(1789379705.183380) can0 706#2341700000400000
(1789379705.183668) can0 706#2400050302014000
(1789379705.183929) can0 706#2500003F0000003A
(1789379705.184424) can0 706#2683126F41200000
(1789379705.184668) can0 706#273EE66666402000
(1789379705.184936) can0 706#28003D0F5C2941B0
(1789379705.185428) can0 706#2900004120000040
(1789379705.185685) can0 706#2A40000040A00000
(1789379705.186166) can0 706#2B3F333333010403
(1789379705.186434) can0 706#2CFF42F000004396
(1789379705.186675) can0 706#2D00003DCCCCCD00
(1789379705.186966) can0 706#2E00FFFF00000000
(1789379705.187237) can0 706#2F40600000000100
(1789379705.187509) can0 706#20003DCCCCCD3851
(1789379705.190162) can0 706#21B717391D495239
(1789379705.190428) can0 706#229D495232FFFFFF
(1789379705.190693) can0 706#233E8000000A28FF
(1789379705.191177) can0 706#24FF3D8F5C293E80
(1789379705.191428) can0 706#2500003E19999A3D
(1789379705.191676) can0 706#264CCCCD0A500F01
(1789379705.191949) can0 706#273FC000003E4CCC
(1789379705.192205) can0 706#28CD3ECCCCCD3D4C
(1789379705.192466) can0 706#29CCCD3C23D70A3D
(1789379705.203419) can0 706#2ACCCCCD0096FFFF
(1789379705.203683) can0 706#2B406666663F3333
(1789379705.203939) can0 706#2C333E99999A3F80
(1789379705.204696) can0 706#2D00003F6666661E
(1789379705.204953) can0 706#2EFFFFFF3ECCCCCD
(1789379705.205438) can0 706#2F40A00000400000
(1789379705.205694) can0 706#20003C83126F3D4C
(1789379705.205965) can0 706#21CCCD3E4CCCCD3F
(1789379705.206240) can0 706#220000003F4CCCCD
(1789379705.206519) can0 706#233F800000412000
(1789379705.206762) can0 706#240032FFFFFF3D4C
(1789379705.207027) can0 706#25CCCD3D4CCCCD3D
(1789379705.207366) can0 706#26CCCCCD3DCCCCCD
(1789379705.207537) can0 706#273DCCCCCD3CF5C2
(1789379705.209222) can0 706#288F3E99999A01F4
(1789379705.209481) can0 706#2901C201F4022602
(1789379705.209726) can0 706#2ABC0384038503E8
(1789379705.210006) can0 706#2B01F401F4007800
(1789379705.210270) can0 706#2C64005000000000
(1789379705.211240) can0 706#2D00FA012C015E01
(1789379705.211516) can0 706#2EC20258025902BC
(1789379705.211747) can0 706#2F01F401F4006300
(1789379705.212034) can0 706#204C003A00000000
(1789379705.212381) can0 706#2100320064009600
(1789379705.213020) can0 706#22C8012C012D0190
(1789379705.213724) can0 706#2301F401F4002800
(1789379705.214000) can0 706#241E001400000000
(1789379705.217180) can0 706#2503E84170000000
(1789379705.217455) can0 706#2600000041C80000
(1789379705.221633) can0 706#2741F40000422000
(1789379705.221903) can0 706#2800177017701770
(1789379705.222189) can0 706#2917700258FFFF41
(1789379705.222451) can0 706#2A40000000000000
(1789379705.222925) can0 706#2B422000000BB80B
(1789379705.223422) can0 706#2CB800FAFFFF4120
(1789379705.223696) can0 706#2D00000000000042
(1789379705.223958) can0 706#2E20000001F401F4
(1789379705.224441) can0 706#2F3DCCCCCD3E9999
(1789379705.224717) can0 706#209A01FFFFFF3F8C
(1789379705.225003) can0 706#21CCCD3F8000003D
(1789379705.225461) can0 706#22CCCCCD3E4CCCCD
(1789379705.225943) can0 706#2364FFFFFF3F8000
(1789379705.226233) can0 706#2400400000004060
(1789379705.226498) can0 706#25000040A0000040
(1789379705.226745) can0 706#26C000000F0F1E2D
(1789379705.227017) can0 706#272D46FFFF3F0000
(1789379705.227267) can0 706#28003F99999A19FF
(1789379705.227550) can0 706#29FFFF3F80000019
(1789379705.229975) can0 706#2A64FFFF3CCCCCCD
(1789379705.230233) can0 706#2B3D4CCCCD321EFF
(1789379705.230499) can0 706#2CFF3E4CCCCD3CCC
(1789379705.230741) can0 706#2DCCCD3D75C28F3D
(1789379705.231222) can0 706#2ECCCCCD320A0050
(1789379705.231478) can0 706#2F0AFFFFFF411B8E
(1789379705.231742) can0 706#20394131C71C4288
(1789379705.232022) can0 706#210000428C00003F
(1789379705.232294) can0 706#22C0000014FFFFFF
(1789379705.233771) can0 706#23404000000064FF
(1789379705.243266) can0 706#24FF3DCCCCCD3DCC
(1789379705.243526) can0 706#25CCCD4033333300
(1789379705.243768) can0 706#263202580A320BB8
(1789379705.244026) can0 706#272328050A0F1403
(1789379705.244534) can0 706#28FE0190015E01F4
(1789379705.244776) can0 706#29FFFF402CCCCD00
(1789379705.245047) can0 706#2A0000004185999A
(1789379705.245529) can0 706#2B419B333341B199
(1789379705.245771) can0 706#2C9A41C8000041DE
(1789379705.246037) can0 706#2D666641FA666642
(1789379705.246297) can0 706#2E1066664226CCCD
(1789379705.246573) can0 706#2F428C00003F8000
(1789379705.246822) can0 706#20003F8000003F67
(1789379705.247088) can0 706#21EF9E3F51EB853F
(1789379705.247349) can0 706#223EB8523F30A3D7
(1789379705.247605) can0 706#233F2147AE3F0F5C
(1789379705.248831) can0 706#24293EF851EC3E8E
(1789379705.249105) can0 706#2556040000000039
(1789379705.249438) can0 706#2683126F3A449BA6
(1789379705.249615) can0 706#273AA3D70A3AE560
(1789379705.249871) can0 706#28423B23D70A3B83
(1789379705.250127) can0 706#29126F3C23D70A3C
(1789379705.250440) can0 706#2A75C28F3F800000
(1789379705.250656) can0 706#2B3F8000003F70A3
(1789379705.251122) can0 706#2CD73F63D70A3F59
(1789379705.251441) can0 706#2D999A3F47AE143F
(1789379705.251651) can0 706#2E3851EC3F266666
(1789379705.251929) can0 706#2F3F266666000000
(1789379705.252184) can0 706#20003851B717391D
(1789379705.252457) can0 706#2149523983126F39
(1789379705.253622) can0 706#22D1B7173A51B717
(1789379705.253906) can0 706#233A83126F3F8000
(1789379705.254168) can0 706#24003F8000003F66
(1789379705.257561) can0 706#2566663F59999A3F
(1789379705.264884) can0 706#264F5C293F3851EC
(1789379705.265138) can0 706#273F3851EC3CA3D7
(1789379705.265635) can0 706#280A000000004080
(1789379705.265909) can0 706#29000040A0000040
(1789379705.266171) can0 706#2AC0000040E00000
(1789379705.266465) can0 706#2B3F8000003F8000
(1789379705.266706) can0 706#2C003F4CCCCD3F19
(1789379705.266972) can0 706#2D999A3F19999A00
(1789379705.267251) can0 706#2E0000003F800000
(1789379705.267516) can0 706#2F40000000404000
(1789379705.268987) can0 706#2000408000003F33
(1789379705.269257) can0 706#2133333F3333333F
(1789379705.269526) can0 706#2259999A3F800000
(1789379705.269800) can0 706#233F8000003CA3D7
(1789379705.270069) can0 706#240A000000003E4C
(1789379705.270336) can0 706#25CCCD3F80000040
(1789379705.270622) can0 706#2640000000000000
(1789379705.271107) can0 706#27000000003F8000
(1789379705.271374) can0 706#28003F8000003F00
(1789379705.271644) can0 706#290000BA102DE0B8
(1789379705.271879) can0 706#2A51B7173851B717
(1789379705.272150) can0 706#2B3A102DE0000000
(1789379705.272480) can0 706#2C00000000000000
(1789379705.273625) can0 706#2D00000000000040
(1789379705.274106) can0 706#2E0000003D75C28F
(1789379705.281687) can0 706#2F0708FFFF3F0000
(1789379705.281970) can0 706#2000402000003F19
(1789379705.282220) can0 706#21999A3F19999A41
(1789379705.282495) can0 706#227CCCCD02580064
(1789379705.283493) can0 706#2300000000412000
(1789379705.283715) can0 706#24000460FFFF3B83
(1789379705.283992) can0 706#25126F4248000041
(1789379705.284259) can0 706#26F0000041700000
(1789379705.284765) can0 706#2740000000050302
(1789379705.285026) can0 706#2801400000003F00
(1789379705.285521) can0 706#2900003A83126F41
(1789379705.286226) can0 706#2A2000003EE66666
(1789379705.286497) can0 706#2B402000003D0F5C
(1789379705.286776) can0 706#2C2941B000004120
(1789379705.287041) can0 706#2D00004040000040
(1789379705.287319) can0 706#2EA000003F333333
(1789379705.287589) can0 706#2F010403FF42F000
(1789379705.290016) can0 706#2000439600003DCC
(1789379705.290274) can0 706#21CCCD0000FFFF00
(1789379705.290548) can0 706#2200000040600000
(1789379705.290825) can0 706#23000100003DCCCC
(1789379705.291301) can0 706#24CD3851B717391D
(1789379705.291550) can0 706#254952399D495232
(1789379705.291827) can0 706#26FFFFFF3E800000
(1789379705.292083) can0 706#270A28FFFF3D8F5C
(1789379705.292366) can0 706#28293E8000003E19
(1789379705.292847) can0 706#29999A3D4CCCCD0A
(1789379705.293566) can0 706#2A500F013FC00000
(1789379705.293830) can0 706#2B3E4CCCCD3ECCCC
(1789379705.294079) can0 706#2CCD3D4CCCCD3C23
(1789379705.297712) can0 706#2DD70A3DCCCCCD00
(1789379705.302376) can0 706#2E96FFFF40666666
(1789379705.302644) can0 706#2F3F3333333E9999
(1789379705.303614) can0 706#209A3F8000003F66
(1789379705.303872) can0 706#2166661EFFFFFF3E
(1789379705.304130) can0 706#22CCCCCD40A00000
(1789379705.304625) can0 706#23400000003C8312
(1789379705.304867) can0 706#246F3D4CCCCD3E4C
(1789379705.305137) can0 706#25CCCD3F0000003F
(1789379705.305614) can0 706#264CCCCD3F800000
(1789379705.305879) can0 706#274120000032FFFF
(1789379705.306139) can0 706#28FF3D4CCCCD3D4C
(1789379705.306382) can0 706#29CCCD3DCCCCCD3D
(1789379705.306646) can0 706#2ACCCCCD3DCCCCCD
(1789379705.306876) can0 706#2B3CF5C28F3E9999
(1789379705.307143) can0 706#2C9A01F401C201F4
(1789379705.307402) can0 706#2D022602BC038403
(1789379705.307686) can0 706#2E8503E801F401F4
(1789379705.309159) can0 706#2F00780064005000
(1789379705.309426) can0 706#2000000000FA012C
(1789379705.309688) can0 706#21015E01C2025802
(1789379705.309932) can0 706#225902BC01F401F4
(1789379705.310209) can0 706#230063004C003A00
(1789379705.310701) can0 706#2400000000320064
(1789379705.311417) can0 706#25009600C8012C01
(1789379705.311696) can0 706#262D019001F401F4
(1789379705.311933) can0 706#270028001E001400
(1789379705.312211) can0 706#2800000003E84170
(1789379705.312539) can0 706#2900000000000041
(1789379705.314159) can0 706#2AC8000041F40000
(1789379705.323676) can0 706#2B42200000177017
(1789379705.323917) can0 706#2C70177017700258
(1789379705.324202) can0 706#2DFFFF4140000000
(1789379705.324925) can0 706#2E00000042200000
(1789379705.325203) can0 706#2F0BB80BB800FAFF
(1789379705.325699) can0 706#20FF412000000000
(1789379705.325938) can0 706#2100004220000001
(1789379705.326204) can0 706#22F401F43DCCCCCD
(1789379705.326472) can0 706#233E99999A01FFFF
(1789379705.326732) can0 706#24FF3F8CCCCD3F80
(1789379705.327005) can0 706#2500003DCCCCCD3E
(1789379705.327268) can0 706#264CCCCD64FFFFFF
(1789379705.327563) can0 706#273F800000400000
(1789379705.329568) can0 706#28004060000040A0
(1789379705.329796) can0 706#29000040C000000F
(1789379705.330060) can0 706#2A0F1E2D2D46FFFF
(1789379705.330340) can0 706#2B3F0000003F9999
(1789379705.330608) can0 706#2C9A19FFFFFF3F80
(1789379705.330883) can0 706#2D00001964FFFF3C
(1789379705.331348) can0 706#2ECCCCCD3D4CCCCD
(1789379705.331608) can0 706#2F321EFFFF3E4CCC
(1789379705.331879) can0 706#20CD3CCCCCCD3D75
(1789379705.332127) can0 706#21C28F3DCCCCCD32
(1789379705.332423) can0 706#220A00500AFFFFFF
(1789379705.332682) can0 706#23417800004186A3
(1789379705.333865) can0 706#24D742880000428C
(1789379705.334137) can0 706#2500003FC0000014
(1789379705.337580) can0 706#26FFFFFF40400000
(1789379705.337829) can0 706#270064FFFF3DCCCC
(1789379705.342232) can0 706#28CD3DCCCCCD4033
(1789379705.342588) can0 706#293333003202580A
(1789379705.342772) can0 706#2A320BB82328050A
(1789379705.343249) can0 706#2B0F1403FE019001
(1789379705.343960) can0 706#2C5E01F4FFFF402C
(1789379705.344236) can0 706#2DCCCD0000000041
(1789379705.344718) can0 706#2E85999A419B3333
(1789379705.344949) can0 706#2F41B1999A41C800
(1789379705.345227) can0 706#200041DE666641FA
(1789379705.345788) can0 706#2166664210666642
(1789379705.346166) can0 706#2226CCCD428C0000
(1789379705.346445) can0 706#233F8000003F8000
(1789379705.346790) can0 706#24003F67EF9E3F51
(1789379705.346945) can0 706#25EB853F3EB8523F
(1789379705.347210) can0 706#2630A3D73F2147AE
(1789379705.347468) can0 706#273F0F5C293EF851
(1789379705.347730) can0 706#28EC3E8E56040000
(1789379705.349794) can0 706#2900003983126F3A
(1789379705.349932) can0 706#2A449BA63AA3D70A
(1789379705.350187) can0 706#2B3AE560423B23D7
(1789379705.350449) can0 706#2C0A3B83126F3C23
(1789379705.350798) can0 706#2DD70A3C75C28F3F
(1789379705.351213) can0 706#2E8000003F800000
(1789379705.351463) can0 706#2F3F70A3D73F63D7
(1789379705.351800) can0 706#200A3F59999A3F47
(1789379705.351970) can0 706#21AE143F3851EC3F
(1789379705.352223) can0 706#222666663F266666
(1789379705.352483) can0 706#23000000003851B7
(1789379705.352750) can0 706#2417391D49523983
(1789379705.353938) can0 706#25126F39D1B7173A
(1789379705.354418) can0 706#2651B7173A83126F
(1789379705.364149) can0 706#273F8000003F8000
(1789379705.364420) can0 706#28003F6666663F59
(1789379705.364902) can0 706#29999A3F4F5C293F
(1789379705.365158) can0 706#2A3851EC3F3851EC
(1789379705.365651) can0 706#2B3CA3D70A000000
(1789379705.365916) can0 706#2C004080000040A0
(1789379705.366178) can0 706#2D000040C0000040
(1789379705.366472) can0 706#2EE000003F800000
(1789379705.366737) can0 706#2F3F8000003F4CCC
(1789379705.366976) can0 706#20CD3F19999A3F19
(1789379705.367259) can0 706#21999A000000003F
(1789379705.367532) can0 706#2280000040000000
(1789379705.367811) can0 706#2340400000408000
(1789379705.369035) can0 706#24003F3333333F33
(1789379705.369307) can0 706#2533333F59999A3F
(1789379705.369632) can0 706#268000003F800000
(1789379705.369844) can0 706#273CA3D70A000000
(1789379705.370109) can0 706#28003E4CCCCD3F80
(1789379705.370390) can0 706#2900004040000000
(1789379705.370665) can0 706#2A00000000000000
(1789379705.370930) can0 706#2B3F8000003F8000
(1789379705.371421) can0 706#2C003F000000BA10
(1789379705.371678) can0 706#2D2DE0B851B71738
(1789379705.371943) can0 706#2E51B7173A102DE0
(1789379705.372225) can0 706#2F00000000000000
(1789379705.372503) can0 706#2000000000000000
(1789379705.373466) can0 706#210000400000003D
(1789379705.373728) can0 706#2275C28F0708FFFF
(1789379705.373988) can0 706#233F000000402000
(1789379705.374255) can0 706#24003F19999A3F19
(1789379705.377660) can0 706#25999A417CCCCD02
(1789379705.384033) can0 706#2658006400000000
(1789379705.384311) can0 706#27412000000460FF
(1789379705.385023) can0 706#28FF3B83126F4248
(1789379705.385300) can0 706#29000041F0000041
(1789379705.385791) can0 706#2A70000040000000
(1789379705.386035) can0 706#2B05030201400000
(1789379705.386533) can0 706#2C003F0000003A83
(1789379705.386799) can0 706#2D126F412000003E
(1789379705.387049) can0 706#2EE6666640200000
(1789379705.387314) can0 706#2F3D0F5C2941B000
(1789379705.387661) can0 706#2000412000004040
(1789379705.387853) can0 706#21000040A000003F
(1789379705.389793) can0 706#22333333010403FF
(1789379705.390034) can0 706#2342F00000439600
(1789379705.390306) can0 706#24003DCCCCCD0000
(1789379705.390666) can0 706#25FFFF0000000040
(1789379705.390847) can0 706#26600000426E6666
(1789379705.391321) can0 706#27421428F6432D00
(1789379705.391667) can0 706#280042DC000040A0
(1789379705.391867) can0 706#2900004040000040
(1789379705.392142) can0 706#2AA0000040400000
(1789379705.392413) can0 706#2B402CCCCD40E333
(1789379705.392685) can0 706#2C334614FFFF4060
(1789379705.394111) can0 706#2D00003FA66666C0
(1789379705.401715) can0 706#2E00000000FFFFFF
(1789379705.401992) can0 706#2F3F800000402666
(1789379705.402248) can0 706#2066403333334040
(1789379705.402527) can0 706#2100004060000040
(1789379705.402794) can0 706#228000003D4CCCCD
(1789379705.403521) can0 706#233DCCCCCD3E1999
(1789379705.403981) can0 706#249A3E3851EC3E4C
(1789379705.404238) can0 706#25CCCD4026666640
(1789379705.404739) can0 706#2633333340400000
(1789379705.405020) can0 706#2740600000408000
(1789379705.405287) can0 706#2800BF4CCCCDBF4C
(1789379705.405752) can0 706#29CCCDBF4CCCCDBF
(1789379705.406222) can0 706#2A4CCCCDBF4CCCCD
(1789379705.406501) can0 706#2B3E8000003E4CCC
(1789379705.406754) can0 706#2CCDBE4CCCCD3E4C
(1789379705.407026) can0 706#2DCCCD3F8000003D
(1789379705.407290) can0 706#2ECCCCCD3E19999A
(1789379705.407548) can0 706#2F40266666403333
(1789379705.407829) can0 706#2033404000004060
(1789379705.410273) can0 706#210000408000003E
(1789379705.410742) can0 706#224CCCCD3E99999A
(1789379705.411008) can0 706#233ECCCCCD3F0000
(1789379705.411738) can0 706#24003F19999A3DCC
(1789379705.412003) can0 706#25CCCD42F0000040
(1789379705.412253) can0 706#2626666640333333
(1789379705.412536) can0 706#2740400000406000
(1789379705.413011) can0 706#2800408000003DCC
(1789379705.413273) can0 706#29CCCD3E2E147B3E
(1789379705.413969) can0 706#2A8000003EAE147B
(1789379705.414226) can0 706#2B3EB33333402666
(1789379705.414495) can0 706#2C66403333334040
(1789379705.422567) can0 706#2D00004060000040
(1789379705.422834) can0 706#2E800000BF4CCCCD
(1789379705.423316) can0 706#2FBF4CCCCDBF4CCC
(1789379705.423788) can0 706#20CDBF4CCCCDBF4C
(1789379705.424054) can0 706#21CCCD3E8000003E
(1789379705.424312) can0 706#224CCCCDBE4CCCCD
(1789379705.424810) can0 706#233E4CCCCD3F8000
(1789379705.425056) can0 706#24003DCCCCCD3E19
(1789379705.425315) can0 706#25999A4026666640
(1789379705.425792) can0 706#2633333340400000
(1789379705.426070) can0 706#2740600000408000
(1789379705.426335) can0 706#28003E4CCCCD3E99
(1789379705.426583) can0 706#29999A3ECCCCCD3F
(1789379705.426860) can0 706#2A0000003F19999A
(1789379705.427091) can0 706#2B3DCCCCCD42F000
(1789379705.427370) can0 706#2C00406CCCCD3DCC
(1789379705.427629) can0 706#2DCCCD3F8000003F
(1789379705.427918) can0 706#2E00000001FFFFFF
(1789379705.429404) can0 706#2F40000000408000
(1789379705.429729) can0 706#200040C0000041F0
(1789379705.429941) can0 706#2100003F80000042
(1789379705.430207) can0 706#226E6666421428F6
(1789379705.430458) can0 706#23432D000042DC00
(1789379705.430730) can0 706#24004089999A4040
(1789379705.431009) can0 706#25000040A0000040
(1789379705.431488) can0 706#26400000402CCCCD
(1789379705.431751) can0 706#2740E333334614FF
(1789379705.432022) can0 706#28FF406000003FA6
(1789379705.432289) can0 706#296666C000000000
(1789379705.432563) can0 706#2AFFFFFF3F800000
(1789379705.434235) can0 706#2B40266666403333
(1789379705.443751) can0 706#2C33404000004060
(1789379705.444012) can0 706#2D0000408000003D
(1789379705.444260) can0 706#2E4CCCCD3DCCCCCD
(1789379705.444522) can0 706#2F3E19999A3E3851
(1789379705.445256) can0 706#20EC3E4CCCCD4026
(1789379705.445755) can0 706#2166664033333340
(1789379705.445985) can0 706#2240000040600000
(1789379705.446263) can0 706#2340800000BF4CCC
(1789379705.446525) can0 706#24CDBF4CCCCDBF4C
(1789379705.446782) can0 706#25CCCDBF4CCCCDBF
(1789379705.447046) can0 706#264CCCCD3E800000
(1789379705.447302) can0 706#273E4CCCCDBE4CCC
(1789379705.447562) can0 706#28CD3E4CCCCD3F80
(1789379705.447821) can0 706#2900003DCCCCCD3E
(1789379705.449276) can0 706#2A19999A40266666
(1789379705.449545) can0 706#2B40333333404000
(1789379705.449812) can0 706#2C00406000004080
(1789379705.450082) can0 706#2D00003E4CCCCD3E
(1789379705.450340) can0 706#2E99999A3ECCCCCD
(1789379705.450612) can0 706#2F3F0000003F1999
(1789379705.450868) can0 706#209A3DCCCCCD42F0
(1789379705.451116) can0 706#2100004026666640
(1789379705.451592) can0 706#2233333340400000
(1789379705.451869) can0 706#2340600000408000
(1789379705.452111) can0 706#24003DCCCCCD3E2E
(1789379705.452382) can0 706#25147B3E8000003E
(1789379705.452633) can0 706#26AE147B3EB33333
(1789379705.452890) can0 706#2740266666403333
(1789379705.454089) can0 706#2833404000004060
(1789379705.454361) can0 706#29000040800000BF
(1789379705.457518) can0 706#2A4CCCCDBF4CCCCD
(1789379705.457788) can0 706#2BBF4CCCCDBF4CCC
(1789379705.462444) can0 706#2CCDBF4CCCCD3E80
(1789379705.462783) can0 706#2D00003E4CCCCDBE
(1789379705.462968) can0 706#2E4CCCCD3E4CCCCD
(1789379705.463937) can0 706#2F3F8000003DCCCC
(1789379705.464173) can0 706#20CD3E19999A4026
(1789379705.464433) can0 706#2166664033333340
(1789379705.464933) can0 706#2240000040600000
(1789379705.465173) can0 706#23408000003E4CCC
(1789379705.465451) can0 706#24CD3E99999A3ECC
(1789379705.465933) can0 706#25CCCD3F0000003F
(1789379705.466391) can0 706#2619999A3DCCCCCD
(1789379705.466648) can0 706#2742F00000406CCC
(1789379705.466919) can0 706#28CD3DCCCCCD3F80
(1789379705.467161) can0 706#2900003F00000001
(1789379705.467450) can0 706#2AFFFFFF40000000
(1789379705.467791) can0 706#2B4080000040C000
(1789379705.467990) can0 706#2C0041F000003F80
(1789379705.469956) can0 706#2D00004220000042
(1789379705.470205) can0 706#2E1428F6432D0000
(1789379705.470469) can0 706#2F42DC000040A000
(1789379705.470795) can0 706#20004040000040A0
(1789379705.471014) can0 706#2100004040000040
(1789379705.471492) can0 706#222CCCCD40E33333
(1789379705.471797) can0 706#234614FFFF406000
(1789379705.472028) can0 706#24003FA66666C000
(1789379705.472306) can0 706#25000000FFFFFF3F
(1789379705.472566) can0 706#2680000040266666
(1789379705.472837) can0 706#2740333333404000
(1789379705.473800) can0 706#2800406000004080
(1789379705.474278) can0 706#2900003D4CCCCD3D
(1789379705.482814) can0 706#2ACCCCCD3E19999A
(1789379705.483292) can0 706#2B3E3851EC3E4CCC
(1789379705.483998) can0 706#2CCD402666664033
(1789379705.484276) can0 706#2D33334040000040
(1789379705.484542) can0 706#2E60000040800000
(1789379705.485031) can0 706#2FBF4CCCCDBF4CCC
(1789379705.485296) can0 706#20CDBF4CCCCDBF4C
(1789379705.485824) can0 706#21CCCDBF4CCCCD3E
(1789379705.486044) can0 706#228000003E4CCCCD
(1789379705.486516) can0 706#23BE4CCCCD3E4CCC
(1789379705.486826) can0 706#24CD3F8000003DCC
(1789379705.487051) can0 706#25CCCD3E19999A40
(1789379705.487312) can0 706#2626666640333333
(1789379705.487586) can0 706#2740400000406000
(1789379705.487849) can0 706#2800408000003E4C
(1789379705.490510) can0 706#29CCCD3E99999A3E
(1789379705.490828) can0 706#2ACCCCCD3F000000
(1789379705.491027) can0 706#2B3F19999A3DCCCC
(1789379705.491512) can0 706#2CCD42F000004026
(1789379705.491829) can0 706#2D66664033333340
(1789379705.492034) can0 706#2E40000040600000
(1789379705.492312) can0 706#2F408000003DCCCC
(1789379705.492575) can0 706#20CD3E2E147B3E80
(1789379705.492847) can0 706#2100003EAE147B3E
(1789379705.494266) can0 706#22B3333340266666
(1789379705.494517) can0 706#2340333333404000
(1789379705.497929) can0 706#2400406000004080
(1789379705.504290) can0 706#250000BF4CCCCDBF
(1789379705.504547) can0 706#264CCCCDBF4CCCCD
(1789379705.505275) can0 706#27BF4CCCCDBF4CCC
(1789379705.505536) can0 706#28CD3E8000003E4C
(1789379705.506057) can0 706#29CCCDBE4CCCCD3E
(1789379705.506255) can0 706#2A4CCCCD3F800000
(1789379705.506517) can0 706#2B3DCCCCCD3E1999
(1789379705.506858) can0 706#2C9A402666664033
(1789379705.507040) can0 706#2D33334040000040
(1789379705.507329) can0 706#2E60000040800000
(1789379705.507582) can0 706#2F3E4CCCCD3E9999
(1789379705.507856) can0 706#209A3ECCCCCD3F00
(1789379705.509546) can0 706#2100003F19999A3D
(1789379705.509859) can0 706#22CCCCCD42F00000
(1789379705.510076) can0 706#23406CCCCD3DCCCC
(1789379705.510353) can0 706#24CD3F8000003F00
(1789379705.510860) can0 706#25000001FFFFFF40
(1789379705.511125) can0 706#2600000040800000
(1789379705.511862) can0 706#2740C0000041F000
(1789379705.512122) can0 706#28003F8000004272
(1789379705.512378) can0 706#296666421428F643
(1789379705.512655) can0 706#2A2D000042DC0000
(1789379705.512920) can0 706#2B40A00000404000
(1789379705.514614) can0 706#2C0040A000004040
(1789379705.521940) can0 706#2D0000402CCCCD40
(1789379705.522199) can0 706#2EE333334614FFFF
(1789379705.522469) can0 706#2F406000003FA666
(1789379705.522747) can0 706#2066C000000000FF
(1789379705.523020) can0 706#21FFFF3F80000040
(1789379705.523486) can0 706#2226666640333333
(1789379705.523987) can0 706#2340400000406000
(1789379705.524231) can0 706#2400408000003D4C
(1789379705.524486) can0 706#25CCCD3DCCCCCD3E
(1789379705.525085) can0 706#2619999A3E3851EC
(1789379705.525226) can0 706#273E4CCCCD402666
(1789379705.525487) can0 706#2866403333334040
(1789379705.525983) can0 706#2900000000000000
(1789379705.530092) can0 70E#037F367800000000
(1789379705.582672) can0 70E#0276030000000000
(1789379705.583466) can0 706#1FFF360400406000
(1789379705.583978) can0 70E#3000000000000000
(1789379705.585215) can0 706#210040800000BF4C
(1789379705.585462) can0 706#22CCCDBF4CCCCDBF
(1789379705.585982) can0 706#234CCCCDBF4CCCCD
(1789379705.586194) can0 706#24BF4CCCCD3E8000
(1789379705.586983) can0 706#25003E4CCCCDBE4C
(1789379705.587147) can0 706#26CCCD3E4CCCCD3F
(1789379705.587399) can0 706#278000003DCCCCCD
(1789379705.587641) can0 706#283E19999A402666
(1789379705.587883) can0 706#2966403333334040
(1789379705.588133) can0 706#2A00004060000040
(1789379705.590811) can0 706#2B8000003E4CCCCD
(1789379705.591053) can0 706#2C3E99999A3ECCCC
(1789379705.591289) can0 706#2DCD3F0000003F19
(1789379705.591758) can0 706#2E999A3DCCCCCD42
(1789379705.592013) can0 706#2FF0000040266666
(1789379705.592258) can0 706#2040333333404000
(1789379705.592513) can0 706#2100406000004080
(1789379705.592759) can0 706#2200003DCCCCCD3E
(1789379705.593231) can0 706#232E147B3E800000
(1789379705.594680) can0 706#243EAE147B3EB333
(1789379705.602721) can0 706#2533402666664033
(1789379705.603004) can0 706#2633334040000040
(1789379705.603216) can0 706#2760000040800000
(1789379705.604186) can0 706#28BF4CCCCDBF4CCC
(1789379705.604427) can0 706#29CDBF4CCCCDBF4C
(1789379705.604667) can0 706#2ACCCDBF4CCCCD3E
(1789379705.605156) can0 706#2B8000003E4CCCCD
(1789379705.605385) can0 706#2CBE4CCCCD3E4CCC
(1789379705.605644) can0 706#2DCD3F8000003DCC
(1789379705.606119) can0 706#2ECCCD3E19999A40
(1789379705.606355) can0 706#2F26666640333333
(1789379705.606609) can0 706#2040400000406000
(1789379705.606863) can0 706#2100408000003E4C
(1789379705.607102) can0 706#22CCCD3E99999A3E
(1789379705.607351) can0 706#23CCCCCD3F000000
(1789379705.607590) can0 706#243F19999A3DCCCC
(1789379705.607871) can0 706#25CD42F00000406C
(1789379705.608105) can0 706#26CCCD3DCCCCCD3F
(1789379705.609580) can0 706#278000003F000000
(1789379705.609850) can0 706#2801FFFFFF400000
(1789379705.610090) can0 706#29004080000040C0
(1789379705.610343) can0 706#2A000041F000003F
(1789379705.610594) can0 706#2B80000000E600E6
(1789379705.611082) can0 706#2C0258000000F000
(1789379705.611321) can0 706#2D06000001E03E99
(1789379705.612062) can0 706#2E999A003C01FF00
(1789379705.612312) can0 706#2F3C020202020000
(1789379705.612552) can0 706#20007D00B43E4CCC
(1789379705.612805) can0 706#21CD3F0000003F00
(1789379705.613528) can0 706#22000040A0000040
(1789379705.614473) can0 706#234000003F000000
(1789379705.614722) can0 706#24FFBAFFE2004600
(1789379705.618120) can0 706#251E3FC000004040
(1789379705.624043) can0 706#2600003F00000000
(1789379705.624275) can0 706#2700000040400000
(1789379705.624553) can0 706#28000000003F0000
(1789379705.624807) can0 706#2900071500D240A0
(1789379705.625547) can0 706#2A00004020000040
(1789379705.626042) can0 706#2B00000001FFFFFF
(1789379705.626272) can0 706#2C4039999A01FFFF
(1789379705.626527) can0 706#2DFF412000003F80
(1789379705.626775) can0 706#2E0000C2C800003D
(1789379705.627048) can0 706#2FCCCCCDBDCCCCCD
(1789379705.627254) can0 706#203ECCCCCD406000
(1789379705.627520) can0 706#21003F0000003ECC
(1789379705.627751) can0 706#22CCCD404000003E
(1789379705.628050) can0 706#234CCCCD3F000000
(1789379705.628260) can0 706#243F00000040A000
(1789379705.629968) can0 706#2500404000003F00
(1789379705.630219) can0 706#260000FFBAFFE200
(1789379705.630468) can0 706#2746001E3FC00000
(1789379705.630720) can0 706#28404000003F0000
(1789379705.630977) can0 706#2900000000004040
(1789379705.631235) can0 706#2A0000000000003F
(1789379705.631717) can0 706#2B000000071500D2
(1789379705.631980) can0 706#2C40A00000402000
(1789379705.632219) can0 706#2D004000000001FF
(1789379705.632472) can0 706#2EFFFF4039999A01
(1789379705.632735) can0 706#2FFFFFFF41200000
(1789379705.632974) can0 706#203F800000C2C800
(1789379705.634170) can0 706#21003DCCCCCDBDCC
(1789379705.642451) can0 706#22CCCD3ECCCCCD40
(1789379705.642729) can0 706#236000003F000000
(1789379705.642985) can0 706#243ECCCCCD404000
(1789379705.643257) can0 706#25003E4CCCCD3F00
(1789379705.644228) can0 706#2600003F00000040
(1789379705.644478) can0 706#27A0000040400000
(1789379705.644751) can0 706#283F000000FFBAFF
(1789379705.645244) can0 706#29E20046001E3FC0
(1789379705.645503) can0 706#2A0000404000003F
(1789379705.645778) can0 706#2B00000000000000
(1789379705.646266) can0 706#2C40400000000000
(1789379705.646754) can0 706#2D003F0000000715
(1789379705.647081) can0 706#2E00D240A0000040
(1789379705.647293) can0 706#2F20000040000000
(1789379705.647576) can0 706#2001FFFFFF403999
(1789379705.647842) can0 706#219A01FFFFFF4120
(1789379705.648108) can0 706#2200003F800000C2
(1789379705.650085) can0 706#23C800003DCCCCCD
(1789379705.650329) can0 706#24BDCCCCCD3ECCCC
(1789379705.650602) can0 706#25CD406000003F00
(1789379705.650865) can0 706#2600003ECCCCCD40
(1789379705.651132) can0 706#274000003E4CCCCD
(1789379705.651404) can0 706#283F0000003F0000
(1789379705.651898) can0 706#290040A000004040
(1789379705.652179) can0 706#2A00003F000000FF
(1789379705.652430) can0 706#2BBAFFE20046001E
(1789379705.652696) can0 706#2C3FC00000404000
(1789379705.653220) can0 706#2D003F0000000000
(1789379705.653932) can0 706#2E00004040000000
(1789379705.654209) can0 706#2F0000003F000000
(1789379705.654454) can0 706#20071500D240A000
(1789379705.654731) can0 706#2100402000004000
(1789379705.663289) can0 706#22000001FFFFFF40
(1789379705.664244) can0 706#2339999A01FFFFFF
(1789379705.664495) can0 706#24412000003F8000
(1789379705.664763) can0 706#2500C2C800003DCC
(1789379705.665250) can0 706#26CCCDBDCCCCCD3E
(1789379705.665484) can0 706#27CCCCCD40600000
(1789379705.665765) can0 706#283F0000003ECCCC
(1789379705.666247) can0 706#29CD404000004234
(1789379705.666486) can0 706#2A00004248000043
(1789379705.666755) can0 706#2B34000042DC0000
(1789379705.667036) can0 706#2C40A00000404000
(1789379705.667296) can0 706#2D0040A000004040
(1789379705.667585) can0 706#2E00004040000040
(1789379705.667844) can0 706#2FA000004614FFFF
(1789379705.668131) can0 706#2040400000400000
(1789379705.669360) can0 706#2100C00000004120
(1789379705.669633) can0 706#2200003F80000040
(1789379705.669911) can0 706#23A000003CA3D70A
(1789379705.670175) can0 706#2440000000408000
(1789379705.670442) can0 706#250040C000004000
(1789379705.670720) can0 706#2600003F0000003E
(1789379705.670987) can0 706#2799999A42200000
(1789379705.671254) can0 706#283FB33333431600
(1789379705.671752) can0 706#2900412000004040
(1789379705.672008) can0 706#2A00003F8000003F
(1789379705.672280) can0 706#2B8000003ECCCCCD
(1789379705.672532) can0 706#2C3F4CCCCD3DCCCC
(1789379705.672802) can0 706#2DCD3F8000004234
(1789379705.673123) can0 706#2E00004248000043
(1789379705.674259) can0 706#2F34000042DC0000
(1789379705.674761) can0 706#2040A00000404000
(1789379705.684281) can0 706#210040A000004040
(1789379705.684544) can0 706#2200004040000040
(1789379705.685497) can0 706#23A000004614FFFF
(1789379705.685769) can0 706#2440400000400000
(1789379705.686261) can0 706#2500C00000004120
(1789379705.686518) can0 706#2600003F80000040
(1789379705.687001) can0 706#27A000003CA3D70A
(1789379705.687274) can0 706#2840000000408000
(1789379705.687531) can0 706#290040C000004000
(1789379705.687802) can0 706#2A00003F0000003E
(1789379705.688148) can0 706#2BC28F5C42480000
(1789379705.688334) can0 706#2C3F000000427000
(1789379705.690267) can0 706#2D00412000004040
(1789379705.690527) can0 706#2E00003F8000003F
(1789379705.690799) can0 706#2F8000003ECCCCCD
(1789379705.691049) can0 706#203ECCCCCD3DCCCC
(1789379705.691312) can0 706#21CD3F4CCCCD4234
(1789379705.691801) can0 706#2200004248000043
(1789379705.692063) can0 706#2334000042DC0000
(1789379705.692340) can0 706#2440A00000404000
(1789379705.692616) can0 706#250040A000004040
(1789379705.692878) can0 706#2600004040000040
(1789379705.693162) can0 706#27A000004614FFFF
(1789379705.694345) can0 706#2840400000400000
(1789379705.694622) can0 706#2900C00000004120
(1789379705.694888) can0 706#2A00003F80000040
(1789379705.698062) can0 706#2BA000003CA3D70A
(1789379705.698336) can0 706#2C40000000408000
(1789379705.702524) can0 706#2D0040C000004000
(1789379705.702808) can0 706#2E00003F0000003E
(1789379705.703058) can0 706#2FC28F5C42480000
(1789379705.703337) can0 706#203F000000427000
(1789379705.704301) can0 706#2100412000004040
(1789379705.704557) can0 706#2200003F8000003F
(1789379705.704822) can0 706#238000003ECCCCCD
(1789379705.705297) can0 706#243ECCCCCD3DCCCC
(1789379705.705527) can0 706#25CD3F4CCCCD4234
(1789379705.705811) can0 706#2600004248000043
(1789379705.706293) can0 706#2734000042DC0000
(1789379705.706542) can0 706#2840A00000404000
(1789379705.707027) can0 706#290040A000004040
(1789379705.707302) can0 706#2A00004040000040
(1789379705.707549) can0 706#2BA000004614FFFF
(1789379705.707827) can0 706#2C40400000400000
(1789379705.708102) can0 706#2D00C00000004120
(1789379705.708363) can0 706#2E00003F80000040
(1789379705.710557) can0 706#2FA000003CA3D70A
(1789379705.710838) can0 706#2040000000408000
(1789379705.711327) can0 706#210040C000004000
(1789379705.712058) can0 706#2200003F0000003E
(1789379705.712329) can0 706#23C28F5C42480000
(1789379705.712579) can0 706#243F000000427000
(1789379705.712855) can0 706#2500412000004040
(1789379705.713343) can0 706#2600003F8000003F
(1789379705.714531) can0 706#278000003ECCCCCD
(1789379705.722828) can0 706#283ECCCCCD3DCCCC
(1789379705.723078) can0 706#29CD3F4CCCCD426E
(1789379705.723340) can0 706#2A6666421428F643
(1789379705.723827) can0 706#2B3F000042EF0000
(1789379705.724316) can0 706#2C40A00000404000
(1789379705.724568) can0 706#2D0040A000004040
(1789379705.724829) can0 706#2E0000402CCCCD40
(1789379705.725307) can0 706#2FE333334614FFFF
(1789379705.725558) can0 706#20406000003FA666
(1789379705.725837) can0 706#2166C00000003F80
(1789379705.726320) can0 706#2200004026666640
(1789379705.726560) can0 706#2333333340400000
(1789379705.726839) can0 706#2440600000408000
(1789379705.727100) can0 706#2500BE800000BE80
(1789379705.727384) can0 706#260000BE4CCCCDBE
(1789379705.727630) can0 706#27051EB8BD4CCCCD
(1789379705.727885) can0 706#2840266666403333
(1789379705.728212) can0 706#2933404000004060
(1789379705.728415) can0 706#2A000040800000BE
(1789379705.729880) can0 706#2BB33333BEB33333
(1789379705.730216) can0 706#2CBEB33333BEB333
(1789379705.730410) can0 706#2D33BEB333333E80
(1789379705.730676) can0 706#2E00003E4CCCCDBD
(1789379705.730938) can0 706#2FCCCCCD3E4CCCCD
(1789379705.731217) can0 706#203DCCCCCD3DCCCC
(1789379705.731450) can0 706#21CD3DCCCCCD4026
(1789379705.731921) can0 706#2266664033333340
(1789379705.732219) can0 706#2340000040600000
(1789379705.732462) can0 706#24408000003E4CCC
(1789379705.732727) can0 706#25CD3E99999A3ECC
(1789379705.732995) can0 706#26CCCD3F0000003F
(1789379705.733703) can0 706#2719999A3DCCCCCD
(1789379705.734222) can0 706#2842F00000402666
(1789379705.734427) can0 706#2966403333334040
(1789379705.734704) can0 706#2A00004060000040
(1789379705.744702) can0 706#2B800000BDCCCCCD
(1789379705.744964) can0 706#2CBD4CCCCD000000
(1789379705.745687) can0 706#2D003D8F5C293E19
(1789379705.745937) can0 706#2E999A4026666640
(1789379705.746424) can0 706#2F33333340400000
(1789379705.746706) can0 706#2040600000408000
(1789379705.746975) can0 706#2100BE99999ABE99
(1789379705.747243) can0 706#22999ABE99999ABE
(1789379705.747487) can0 706#2399999ABE99999A
(1789379705.747757) can0 706#243E8000003E4CCC
(1789379705.748017) can0 706#25CDBDCCCCCD3E4C
(1789379705.748271) can0 706#26CCCD3DCCCCCD3D
(1789379705.749717) can0 706#27CCCCCD3DCCCCCD
(1789379705.749966) can0 706#2840266666403333
(1789379705.750248) can0 706#2933404000004060
(1789379705.750512) can0 706#2A0000408000003E
(1789379705.750768) can0 706#2B4CCCCD3E99999A
(1789379705.751033) can0 706#2C3ECCCCCD3F0000
(1789379705.751294) can0 706#2D003F19999A3DCC
(1789379705.751558) can0 706#2ECCCD42F0000040
(1789379705.752035) can0 706#2F79999A3DCCCCCD
(1789379705.752295) can0 706#2040266666403333
(1789379705.752560) can0 706#2133404000004060
(1789379705.752827) can0 706#22000040800000BF
(1789379705.753112) can0 706#23000000BF000000
(1789379705.754560) can0 706#24BF000000BF0000
(1789379705.755047) can0 706#2500BF0000004026
(1789379705.762858) can0 706#2666664033333340
(1789379705.763125) can0 706#2740000040600000
(1789379705.763397) can0 706#2840800000BF1999
(1789379705.764345) can0 706#299ABF19999ABF19
(1789379705.764605) can0 706#2A999ABF19999ABF
(1789379705.764866) can0 706#2B19999A3DCCCCCD
(1789379705.765335) can0 706#2C3E4CCCCDBE4CCC
(1789379705.765605) can0 706#2DCD3E4CCCCD3DCC
(1789379705.765848) can0 706#2ECCCD3DCCCCCD3D
(1789379705.766327) can0 706#2FCCCCCD40266666
(1789379705.766606) can0 706#2040333333404000
(1789379705.767084) can0 706#2100406000004080
(1789379705.767339) can0 706#2200003E4CCCCD3E
(1789379705.767603) can0 706#2399999A3ECCCCCD
(1789379705.767874) can0 706#243F0000003F1999
(1789379705.768126) can0 706#259A3DCCCCCD42F0
(1789379705.768394) can0 706#2600004026666640
(1789379705.770585) can0 706#2733333340400000
(1789379705.770862) can0 706#2840600000408000
(1789379705.771141) can0 706#2900BF000000BF00
(1789379705.771422) can0 706#2A0000BF000000BF
(1789379705.771662) can0 706#2B000000BF000000
(1789379705.772137) can0 706#2C40266666403333
(1789379705.772416) can0 706#2D33404000004060
(1789379705.772666) can0 706#2E000040800000BF
(1789379705.772931) can0 706#2F19999ABF19999A
(1789379705.773427) can0 706#20BF19999ABF1999
(1789379705.773647) can0 706#219ABF19999A3DCC
(1789379705.774120) can0 706#22CCCD3E4CCCCDBE
(1789379705.774386) can0 706#234CCCCD3E4CCCCD
(1789379705.774627) can0 706#243DCCCCCD3DCCCC
(1789379705.774876) can0 706#25CD3DCCCCCD4026
(1789379705.778529) can0 706#2666664033333340
(1789379705.783432) can0 706#2740000040600000
(1789379705.783932) can0 706#28408000003E4CCC
(1789379705.784434) can0 706#29CD3E99999A3ECC
(1789379705.784663) can0 706#2ACCCD3F0000003F
(1789379705.784935) can0 706#2B19999A3DCCCCCD
(1789379705.785641) can0 706#2C42F00000426E66
(1789379705.785921) can0 706#2D66421428F6433F
(1789379705.786370) can0 706#2E000042EF000040
(1789379705.786660) can0 706#2F89999A40400000
(1789379705.787142) can0 706#2040A00000404000
(1789379705.787401) can0 706#2100402CCCCD40E3
(1789379705.787684) can0 706#2233334614FFFF40
(1789379705.787928) can0 706#236000003FA66666
(1789379705.788198) can0 706#24C00000003F8000
(1789379705.788456) can0 706#2500402666664033
(1789379705.791106) can0 706#2633334040000040
(1789379705.791383) can0 706#2760000040800000
(1789379705.791663) can0 706#28BE800000BE8000
(1789379705.792138) can0 706#2900BE4CCCCDBE05
(1789379705.792400) can0 706#2A1EB8BD4CCCCD40
(1789379705.792647) can0 706#2B26666640333333
(1789379705.792918) can0 706#2C40400000406000
(1789379705.793180) can0 706#2D0040800000BEB3
(1789379705.803870) can0 706#2E3333BEB33333BE
(1789379705.804364) can0 706#2FB33333BEB33333
(1789379705.804624) can0 706#20BEB333333E8000
(1789379705.804883) can0 706#21003E4CCCCDBDCC
(1789379705.805169) can0 706#22CCCD3E4CCCCD3D
(1789379705.805860) can0 706#23CCCCCD3DCCCCCD
(1789379705.806338) can0 706#243DCCCCCD402666
(1789379705.806601) can0 706#2566403333334040
(1789379705.806862) can0 706#2600004060000040
(1789379705.807145) can0 706#278000003E4CCCCD
(1789379705.807402) can0 706#283E99999A3ECCCC
(1789379705.807676) can0 706#29CD3F0000003F19
(1789379705.807942) can0 706#2A999A3DCCCCCD42
(1789379705.808204) can0 706#2BF0000040266666
(1789379705.808471) can0 706#2C40333333404000
(1789379705.809931) can0 706#2D00406000004080
(1789379705.810416) can0 706#2E0000BDCCCCCDBD
(1789379705.810703) can0 706#2F4CCCCD00000000
(1789379705.810931) can0 706#203D8F5C293E1999
(1789379705.811446) can0 706#219A402666664033
(1789379705.811692) can0 706#2233334040000040
(1789379705.812429) can0 706#2360000040800000
(1789379705.812687) can0 706#24BE99999ABE9999
(1789379705.812946) can0 706#259ABE99999ABE99
(1789379705.813194) can0 706#26999ABE99999A3E
(1789379705.813922) can0 706#278000003E4CCCCD
(1789379705.814619) can0 706#28BDCCCCCD3E4CCC
(1789379705.814868) can0 706#29CD3DCCCCCD3DCC
(1789379705.815134) can0 706#2ACCCD3DCCCCCD40
(1789379705.818267) can0 706#2B26666640333333
(1789379705.818544) can0 706#2C40400000406000
(1789379705.822976) can0 706#2D00408000003E4C
(1789379705.823228) can0 706#2ECCCD3E99999A3E
(1789379705.823506) can0 706#2FCCCCCD3F000000
(1789379705.823967) can0 706#203F19999A3DCCCC
(1789379705.824473) can0 706#21CD42F000004079
(1789379705.824702) can0 706#22999A3DCCCCCD40
(1789379705.824962) can0 706#2326666640333333
(1789379705.825458) can0 706#2440400000406000
(1789379705.825719) can0 706#250040800000BF00
(1789379705.826003) can0 706#260000BF000000BF
(1789379705.826493) can0 706#27000000BF000000
(1789379705.826736) can0 706#28BF000000402666
(1789379705.827206) can0 706#2966403333334040
(1789379705.827485) can0 706#2A00004060000040
(1789379705.827723) can0 706#2B800000BF19999A
(1789379705.827989) can0 706#2CBF19999ABF1999
(1789379705.828245) can0 706#2D9ABF19999ABF19
(1789379705.828516) can0 706#2E999A3DCCCCCD3E
(1789379705.830945) can0 706#2F4CCCCDBE4CCCCD
(1789379705.831211) can0 706#203E4CCCCD3DCCCC
(1789379705.831478) can0 706#21CD3DCCCCCD3DCC
(1789379705.831720) can0 706#22CCCD4026666640
(1789379705.832195) can0 706#2333333340400000
(1789379705.832471) can0 706#2440600000408000
(1789379705.832716) can0 706#25003E4CCCCD3E99
(1789379705.832975) can0 706#26999A3ECCCCCD3F
(1789379705.833248) can0 706#270000003F19999A
(1789379705.833745) can0 706#283DCCCCCD42F000
(1789379705.834454) can0 706#2900402666664033
(1789379705.834919) can0 706#2A33334040000040
(1789379705.844432) can0 706#2B60000040800000
(1789379705.844703) can0 706#2CBF000000BF0000
(1789379705.844963) can0 706#2D00BF000000BF00
(1789379705.845479) can0 706#2E0000BF00000040
(1789379705.845730) can0 706#2F26666640333333
(1789379705.846013) can0 706#2040400000406000
(1789379705.846515) can0 706#210040800000BF19
(1789379705.846739) can0 706#22999ABF19999ABF
(1789379705.846994) can0 706#2319999ABF19999A
(1789379705.847263) can0 706#24BF19999A3DCCCC
(1789379705.847536) can0 706#25CD3E4CCCCDBE4C
(1789379705.847757) can0 706#26CCCD3E4CCCCD3D
(1789379705.848015) can0 706#27CCCCCD3DCCCCCD
(1789379705.848291) can0 706#283DCCCCCD402666
(1789379705.848554) can0 706#2966403333334040
(1789379705.849785) can0 706#2A00004060000040
(1789379705.850053) can0 706#2B8000003E4CCCCD
(1789379705.850315) can0 706#2C3E99999A3ECCCC
(1789379705.850578) can0 706#2DCD3F0000003F19
(1789379705.850820) can0 706#2E999A3DCCCCCD42
(1789379705.851099) can0 706#2FF0000042200000
(1789379705.851435) can0 706#20421428F6433F00
(1789379705.851631) can0 706#210042EF000040A0
(1789379705.852120) can0 706#2200004040000040
(1789379705.852425) can0 706#23A0000040400000
(1789379705.852651) can0 706#24402CCCCD40E333
(1789379705.852928) can0 706#25334614FFFF4060
(1789379705.853444) can0 706#2600003FA66666C0
(1789379705.854424) can0 706#270000003F800000
(1789379705.854629) can0 706#2840266666403333
(1789379705.854907) can0 706#2933404000004060
(1789379705.855186) can0 706#2A000040800000BE
(1789379705.858584) can0 706#2B800000BE800000
(1789379705.866137) can0 706#2CBE4CCCCDBE051E
(1789379705.866616) can0 706#2DB8BD4CCCCD4026
(1789379705.866877) can0 706#2E66664033333340
(1789379705.867151) can0 706#2F40000040600000
(1789379705.867439) can0 706#2040800000BEB333
(1789379705.867687) can0 706#2133BEB33333BEB3
(1789379705.867953) can0 706#223333BEB33333BE
(1789379705.868226) can0 706#23B333333E800000
(1789379705.868478) can0 706#243E4CCCCDBDCCCC
(1789379705.869930) can0 706#25CD3E4CCCCD3DCC
(1789379705.870197) can0 706#26CCCD3DCCCCCD3D
(1789379705.870505) can0 706#27CCCCCD40266666
(1789379705.870714) can0 706#2840333333404000
(1789379705.870987) can0 706#2900406000004080
(1789379705.871278) can0 706#2A00003E4CCCCD3E
(1789379705.871520) can0 706#2B99999A3ECCCCCD
(1789379705.871809) can0 706#2C3F0000003F1999
(1789379705.872272) can0 706#2D9A3DCCCCCD42F0
(1789379705.872529) can0 706#2E00004026666640
(1789379705.872790) can0 706#2F33333340400000
(1789379705.873077) can0 706#2040600000408000
(1789379705.873534) can0 706#2100BDCCCCCDBD4C
(1789379705.874511) can0 706#22CCCD000000003D
(1789379705.874971) can0 706#238F5C293E19999A
(1789379705.878610) can0 706#2440266666403333
(1789379705.882779) can0 706#2533404000004060
(1789379705.883060) can0 706#26000040800000BE
(1789379705.883324) can0 706#2799999ABE99999A
(1789379705.883568) can0 706#28BE99999ABE9999
(1789379705.884035) can0 706#299ABE99999A3E80
(1789379705.884516) can0 706#2A00003E4CCCCDBD
(1789379705.884784) can0 706#2BCCCCCD3E4CCCCD
(1789379705.885044) can0 706#2C3DCCCCCD3DCCCC
(1789379705.885750) can0 706#2DCD3DCCCCCD4026
(1789379705.886011) can0 706#2E66664033333340
(1789379705.886499) can0 706#2F40000040600000
(1789379705.886786) can0 706#20408000003E4CCC
(1789379705.887496) can0 706#21CD3E99999A3ECC
(1789379705.887779) can0 706#22CCCD3F0000003F
(1789379705.888015) can0 706#2319999A3DCCCCCD
(1789379705.888309) can0 706#2442F00000407999
(1789379705.888541) can0 706#259A3DCCCCCD4026
(1789379705.890969) can0 706#2666664033333340
(1789379705.891242) can0 706#2740000040600000
(1789379705.891509) can0 706#2840800000BF0000
(1789379705.891787) can0 706#2900BF000000BF00
(1789379705.892275) can0 706#2A0000BF000000BF
(1789379705.892541) can0 706#2B00000040266666
(1789379705.892811) can0 706#2C40333333404000
(1789379705.893085) can0 706#2D00406000004080
(1789379705.893585) can0 706#2E0000BF19999ABF
(1789379705.893814) can0 706#2F19999ABF19999A
(1789379705.894074) can0 706#20BF19999ABF1999
(1789379705.894786) can0 706#219A3DCCCCCD3E4C
(1789379705.895041) can0 706#22CCCDBE4CCCCD3E
(1789379705.898682) can0 706#234CCCCD3DCCCCCD
(1789379705.903333) can0 706#243DCCCCCD3DCCCC
(1789379705.903601) can0 706#25CD402666664033
(1789379705.904565) can0 706#2633334040000040
(1789379705.904850) can0 706#2760000040800000
(1789379705.905096) can0 706#283E4CCCCD3E9999
(1789379705.905575) can0 706#299A3ECCCCCD3F00
(1789379705.905833) can0 706#2A00003F19999A3D
(1789379705.906104) can0 706#2BCCCCCD42F00000
(1789379705.906570) can0 706#2C40266666403333
(1789379705.906841) can0 706#2D33404000004060
(1789379705.907111) can0 706#2E000040800000BF
(1789379705.907387) can0 706#2F000000BF000000
(1789379705.907670) can0 706#20BF000000BF0000
(1789379705.907930) can0 706#2100BF0000004026
(1789379705.908189) can0 706#2266664033333340
(1789379705.908505) can0 706#2340000040600000
(1789379705.908723) can0 706#2440800000BF1999
(1789379705.909953) can0 706#259ABF19999ABF19
(1789379705.910219) can0 706#26999ABF19999ABF
(1789379705.910507) can0 706#2719999A3DCCCCCD
(1789379705.910945) can0 706#283E4CCCCDBE4CCC
(1789379705.911197) can0 706#29CD3E4CCCCD3DCC
(1789379705.911683) can0 706#2ACCCD3DCCCCCD3D
(1789379705.912402) can0 706#2BCCCCCD40266666
(1789379705.912732) can0 706#2C40333333404000
(1789379705.912926) can0 706#2D00406000004080
(1789379705.913193) can0 706#2E00003E4CCCCD3E
(1789379705.913666) can0 706#2F99999A3ECCCCCD
(1789379705.915098) can0 706#203F0000003F1999
(1789379705.923870) can0 706#219A3DCCCCCD42F0
(1789379705.924141) can0 706#2200004272666642
(1789379705.924623) can0 706#231428F6433F0000
(1789379705.924872) can0 706#2442EF000040A000
(1789379705.925149) can0 706#25004040000040A0
(1789379705.925882) can0 706#2600004040000040
(1789379705.926134) can0 706#272CCCCD40E33333
(1789379705.926610) can0 706#284614FFFF406000
(1789379705.926875) can0 706#29003FA66666C000
(1789379705.927142) can0 706#2A00003F80000040
(1789379705.927395) can0 706#2B26666640333333
(1789379705.927678) can0 706#2C40400000406000
(1789379705.927926) can0 706#2D0040800000BE80
(1789379705.928193) can0 706#2E0000BE800000BE
(1789379705.928460) can0 706#2F4CCCCDBE051EB8
(1789379705.928716) can0 706#20BD4CCCCD402666
(1789379705.930396) can0 706#2166403333334040
(1789379705.930675) can0 706#2200004060000040
(1789379705.930925) can0 706#23800000BEB33333
(1789379705.931184) can0 706#24BEB33333BEB333
(1789379705.931447) can0 706#2533BEB33333BEB3
(1789379705.931719) can0 706#2633333E8000003E
(1789379705.932184) can0 706#274CCCCDBDCCCCCD
(1789379705.932442) can0 706#283E4CCCCD3DCCCC
(1789379705.932696) can0 706#29CD3DCCCCCD3DCC
(1789379705.932932) can0 706#2ACCCD4026666640
(1789379705.933211) can0 706#2B33333340400000
(1789379705.933687) can0 706#2C40600000408000
(1789379705.934401) can0 706#2D003E4CCCCD3E99
(1789379705.934658) can0 706#2E999A3ECCCCCD3F
(1789379705.934905) can0 706#2F0000003F19999A
(1789379705.935170) can0 706#203DCCCCCD42F000
(1789379705.942988) can0 706#2100402666664033
(1789379705.943251) can0 706#2233334040000040
(1789379705.943561) can0 706#2360000040800000
(1789379705.943780) can0 706#24BDCCCCCDBD4CCC
(1789379705.944743) can0 706#25CD000000003D8F
(1789379705.945004) can0 706#265C293E19999A40
(1789379705.945260) can0 706#2726666640333333
(1789379705.945757) can0 706#2840400000406000
(1789379705.946029) can0 706#290040800000BE99
(1789379705.946566) can0 706#2A999ABE99999ABE
(1789379705.946765) can0 706#2B99999ABE99999A
(1789379705.947036) can0 706#2CBE99999A3E8000
(1789379705.947569) can0 706#2D003E4CCCCDBDCC
(1789379705.947760) can0 706#2ECCCD3E4CCCCD3D
(1789379705.948012) can0 706#2FCCCCCD3DCCCCCD
(1789379705.948269) can0 706#203DCCCCCD402666
(1789379705.948570) can0 706#2166403333334040
(1789379705.948815) can0 706#2200004060000040
(1789379705.951011) can0 706#238000003E4CCCCD
(1789379705.951267) can0 706#243E99999A3ECCCC
(1789379705.951575) can0 706#25CD3F0000003F19
(1789379705.951781) can0 706#26999A3DCCCCCD42
(1789379705.952275) can0 706#27F000004079999A
(1789379705.952577) can0 706#283DCCCCCD402666
(1789379705.952795) can0 706#2966403333334040
(1789379705.953071) can0 706#2A00004060000040
(1789379705.953336) can0 706#2B800000BF000000
(1789379705.954792) can0 706#2CBF000000BF0000
(1789379705.955268) can0 706#2D00BF000000BF00
(1789379705.963811) can0 706#2E00004026666640
(1789379705.964769) can0 706#2F33333340400000
(1789379705.965041) can0 706#2040600000408000
(1789379705.965308) can0 706#2100BF19999ABF19
(1789379705.965785) can0 706#22999ABF19999ABF
(1789379705.966042) can0 706#2319999ABF19999A
(1789379705.966298) can0 706#243DCCCCCD3E4CCC
(1789379705.966778) can0 706#25CDBE4CCCCD3E4C
(1789379705.967037) can0 706#26CCCD3DCCCCCD3D
(1789379705.967287) can0 706#27CCCCCD3DCCCCCD
(1789379705.967601) can0 706#2840266666403333
(1789379705.967825) can0 706#2933404000004060
(1789379705.968101) can0 706#2A0000408000003E
(1789379705.968360) can0 706#2B4CCCCD3E99999A
(1789379705.968628) can0 706#2C3ECCCCCD3F0000
(1789379705.969847) can0 706#2D003F19999A3DCC
(1789379705.970127) can0 706#2ECCCD42F0000040
(1789379705.970376) can0 706#2F26666640333333
(1789379705.970651) can0 706#2040400000406000
(1789379705.970928) can0 706#210040800000BF00
(1789379705.971206) can0 706#220000BF000000BF
(1789379705.971473) can0 706#23000000BF000000
(1789379705.971754) can0 706#24BF000000402666
(1789379705.971986) can0 706#2566403333334040
(1789379705.972469) can0 706#2600004060000040
(1789379705.972738) can0 706#27800000BF19999A
(1789379705.972976) can0 706#28BF19999ABF1999
(1789379705.973243) can0 706#299A000000000000
(1789379705.978530) can0 70E#037F367800000000
(1789379706.026267) can0 70E#0276040000000000
(1789379706.028536) can0 706#14363605BF19999A
(1789379706.028783) can0 70E#3000000000000000
(1789379706.044969) can0 706#21BF19999A3DCCCC
(1789379706.045210) can0 706#22CD3E4CCCCDBE4C
(1789379706.045445) can0 706#23CCCD3E4CCCCD3D
(1789379706.046153) can0 706#24CCCCCD3DCCCCCD
(1789379706.046398) can0 706#253DCCCCCD402666
(1789379706.046882) can0 706#2666403333334040
(1789379706.047121) can0 706#2700004060000040
(1789379706.047374) can0 706#288000003E4CCCCD
(1789379706.047617) can0 706#293E99999A3ECCCC
(1789379706.047867) can0 706#2ACD3F0000003F19
(1789379706.048092) can0 706#2B999A3DCCCCCD42
(1789379706.048346) can0 706#2CF000003F19999A
(1789379706.048578) can0 706#2D3F19999A3F1999
(1789379706.048825) can0 706#2E9A3F19999A3F19
(1789379706.050270) can0 706#2F999A3F19999A3F
(1789379706.050506) can0 706#2019999A3F19999A
(1789379706.050762) can0 706#213F19999A3F1999
(1789379706.051001) can0 706#229A3F19999A3F19
(1789379706.051232) can0 706#23999A3F19999A3F
(1789379706.051471) can0 706#2419999A3F19999A
(1789379706.051852) can0 706#253F19999A3F1999
(1789379706.051960) can0 706#269A3F19999A3F19
(1789379706.052428) can0 706#27999A3F19999A3F
(1789379706.052854) can0 706#2819999A3F19999A
(1789379706.052960) can0 706#293F19999A3F1999
(1789379706.053135) can0 706#2A9A3F19999A3F19
(1789379706.053389) can0 706#2B999A3F19999A3F
(1789379706.053848) can0 706#2C19999A3F19999A
(1789379706.054797) can0 706#2D3F19999A3F1999
(1789379706.055032) can0 706#2E9A3F19999A3F19
(1789379706.055268) can0 706#2F999A3F19999A0A
(1789379706.058449) can0 706#20FFFFFF3F000000
(1789379706.058747) can0 706#2101FFFFFF000000
(1789379706.058948) can0 706#2200138813881388
(1789379706.063853) can0 706#2313881388138813
(1789379706.064328) can0 706#2488FFFF42C80000
(1789379706.065054) can0 706#254348000042C800
(1789379706.065286) can0 706#26004348000042C8
(1789379706.065535) can0 706#2700004348000043
(1789379706.066027) can0 706#2848000043C80000
(1789379706.066281) can0 706#294348000043C800
(1789379706.066771) can0 706#2A004348000043C8
(1789379706.067019) can0 706#2B00004348000043
(1789379706.067272) can0 706#2CC8000043960000
(1789379706.067765) can0 706#2D44160000439600
(1789379706.068016) can0 706#2E00441600004416
(1789379706.068281) can0 706#2F00004496000044
(1789379706.068556) can0 706#2016000044960000
(1789379706.068819) can0 706#21442F000044AF00
(1789379706.071017) can0 706#2200442F000044AF
(1789379706.071288) can0 706#2300004448000044
(1789379706.071553) can0 706#24C8000044480000
(1789379706.071825) can0 706#2544C80000448980
(1789379706.072088) can0 706#2600450980004489
(1789379706.072585) can0 706#2780004509800044
(1789379706.072833) can0 706#28A2800045228000
(1789379706.073092) can0 706#2944A28000452280
(1789379706.073361) can0 706#2A0044BB8000458C
(1789379706.073833) can0 706#2BA00044BB800045
(1789379706.074326) can0 706#2C8CA00045098000
(1789379706.075038) can0 706#2D45CE4000450980
(1789379706.075509) can0 706#2E0045CE40004516
(1789379706.085288) can0 706#2F000045E1000045
(1789379706.085556) can0 706#2016000045E10000
(1789379706.086057) can0 706#214522800045F3C0
(1789379706.086784) can0 706#22004522800045F3
(1789379706.087027) can0 706#23C000452F000046
(1789379706.087520) can0 706#24034000452F0000
(1789379706.087785) can0 706#2546034000452F00
(1789379706.088065) can0 706#260046034000452F
(1789379706.088331) can0 706#2700004603400045
(1789379706.088626) can0 706#282F000046034000
(1789379706.088878) can0 706#29452F0000460340
(1789379706.091292) can0 706#2A00452F00004603
(1789379706.091564) can0 706#2B4000452F000046
(1789379706.091825) can0 706#2C034000452F0000
(1789379706.092090) can0 706#2D46034000448980
(1789379706.092571) can0 706#2E004509800042C8
(1789379706.092838) can0 706#2F00004348000042
(1789379706.093114) can0 706#20C8000043480000
(1789379706.093383) can0 706#214348000043C800
(1789379706.093857) can0 706#22004348000043C8
(1789379706.095033) can0 706#2300004396000044
(1789379706.095319) can0 706#2416000044160000
(1789379706.098807) can0 706#2544960000441600
(1789379706.099000) can0 706#260044960000442F
(1789379706.105134) can0 706#27000044AF000044
(1789379706.105393) can0 706#2848000044C80000
(1789379706.106139) can0 706#2944A28000452280
(1789379706.106394) can0 706#2A0044A280004522
(1789379706.106877) can0 706#2B800044BB800045
(1789379706.107143) can0 706#2C8CA00044D48000
(1789379706.107421) can0 706#2D459F600044FA00
(1789379706.107676) can0 706#2E0045BB80004448
(1789379706.107950) can0 706#2F000044C8000044
(1789379706.108195) can0 706#2089800045098000
(1789379706.108467) can0 706#2144898000450980
(1789379706.108726) can0 706#220044A280004522
(1789379706.108996) can0 706#23800044A2800045
(1789379706.110458) can0 706#2422800044BB8000
(1789379706.110718) can0 706#25458CA00044BB80
(1789379706.110981) can0 706#2600458CA0004509
(1789379706.111238) can0 706#27800045CE400045
(1789379706.111976) can0 706#2809800045CE4000
(1789379706.112212) can0 706#294516000045E100
(1789379706.112935) can0 706#2A004516000045E1
(1789379706.113190) can0 706#2B00004522800045
(1789379706.113462) can0 706#2CF3C00045228000
(1789379706.113928) can0 706#2D45F3C000452F00
(1789379706.119016) can0 706#2E0046034000452F
(1789379706.122947) can0 706#2F00004603400045
(1789379706.123188) can0 706#202F000046034000
(1789379706.123464) can0 706#21452F0000460340
(1789379706.123724) can0 706#2200452F00004603
(1789379706.123994) can0 706#234000452F000046
(1789379706.124480) can0 706#24034000452F0000
(1789379706.124965) can0 706#2546034000452F00
(1789379706.125209) can0 706#260046034000452F
(1789379706.125488) can0 706#2700004603400044
(1789379706.125979) can0 706#2889800045098000
(1789379706.126210) can0 706#29003C32001E1414
(1789379706.126493) can0 706#2A141419191E1E1E
(1789379706.126967) can0 706#2B1E1E1E1E0A0F0F
(1789379706.127211) can0 706#2C14141400320032
(1789379706.127495) can0 706#2D004B0064009600
(1789379706.127955) can0 706#2EFA012C012C015E
(1789379706.128196) can0 706#2F01F4025802BC03
(1789379706.128476) can0 706#20200032009600C8
(1789379706.128727) can0 706#21012C01F402BC00
(1789379706.129005) can0 706#220300FA00C80F0A
(1789379706.131444) can0 706#233214014A010100
(1789379706.131699) can0 706#246400013F800000
(1789379706.131981) can0 706#250032000A01F400
(1789379706.132222) can0 706#2632010100004600
(1789379706.132700) can0 706#270000000073AC00
(1789379706.132977) can0 706#2800741C30A01038
(1789379706.133230) can0 706#2900001020000004
(1789379706.133714) can0 706#2A080000000030A0
(1789379706.133985) can0 706#2B10580000068000
(1789379706.134250) can0 706#2C0001A000000000
(1789379706.134707) can0 706#2D30A01098000000
(1789379706.134986) can0 706#2E24000000240000
(1789379706.135235) can0 706#2F000030A0108800
(1789379706.135524) can0 706#2000020000000080
(1789379706.144871) can0 706#210000000030A010
(1789379706.145064) can0 706#2268000002300000
(1789379706.145335) can0 706#23008C0000000030
(1789379706.145604) can0 706#24A0104800000AD0
(1789379706.146089) can0 706#25000002B4000000
(1789379706.146367) can0 706#260030A010780000
(1789379706.146875) can0 706#27035C0000035C00
(1789379706.147132) can0 706#28000000B0F0FFFF
(1789379706.147392) can0 706#2970FC9C56B0F0FF
(1789379706.147663) can0 706#2AFF000000000000
(1789379706.150423) can0 70E#037F367800000000
(1789379706.164549) can0 70E#0276050000000000
(1789379706.170385) can0 7DF#023E800000000000
(1789379706.225145) can0 706#0137000000000000
(1789379706.228530) can0 70E#037F377800000000
(1789379706.504097) can0 70E#0377B3CB00000000
(1789379707.547318) can0 706#0431010304000000
(1789379707.549292) can0 70E#0671010304100200
(1789379707.804776) can0 706#0211010000000000
(1789379707.807455) can0 70E#0251010000000000
(1789379727.629076) can0 760#0319018F00000000
(1789379727.640429) can0 768#0659017B00000000
(1789379727.641272) can0 760#0319028F00000000
(1789379727.660506) can0 768#0359027B00000000
(1789379728.934967) can0 7D0#0319018F00000000
(1789379728.942004) can0 7D8#065901CB00000000
(1789379728.949576) can0 7D0#0319028F00000000
(1789379728.955423) can0 7D8#035902CB00000000
(1789379729.276425) can0 726#0319018F00000000
(1789379729.279511) can0 72E#065901FF00000200
(1789379729.287997) can0 726#0319028F00000000
(1789379729.317706) can0 72E#100B5902FFC13100
(1789379729.318476) can0 726#3000000000000000
(1789379729.336834) can0 72E#2168C23A006C0000
(1789379729.338031) can0 726#061904C13100FF00
(1789379729.348506) can0 72E#101C5904C1310068
(1789379729.349359) can0 726#3000000000000000
(1789379729.368223) can0 72E#211005DD00BF1BE6
(1789379729.377052) can0 72E#2266DD0102E16BDD
(1789379729.387061) can0 72E#230231DD0441DD06
(1789379729.397082) can0 72E#2466000000000000
(1789379729.397869) can0 726#061904C23A00FF00
(1789379729.407767) can0 72E#101C5904C23A006C
(1789379729.408463) can0 726#3000000000000000
(1789379729.429474) can0 72E#211005DD00BF22E1
(1789379729.436831) can0 72E#2292DD0102E16BDD
(1789379729.446632) can0 72E#230230DD043EDD06
(1789379729.456942) can0 72E#2466000000000000
(1789379730.158339) can0 764#0319018F00000000
(1789379730.160589) can0 76C#065901FF00000000
(1789379730.161662) can0 764#0319028F00000000
(1789379730.176825) can0 76C#035902FF00000000
(1789379733.888281) can0 7A5#0319018F00000000
(1789379735.336767) can0 793#0319018F00000000
(1789379735.350161) can0 79B#065901CB00000000
(1789379735.351289) can0 793#0319028F00000000
(1789379735.360203) can0 79B#035902CB00000000
(1789379736.255739) can0 734#0319018F00000000
(1789379736.302426) can0 73C#0659017F00000000
(1789379736.308897) can0 734#0319028F00000000
(1789379736.362521) can0 73C#0359027F00000000
(1789379736.720419) can0 7B2#0319018F00000000
(1789379738.240345) can0 706#0319018F00000000
(1789379738.242182) can0 70E#065901CA00000000
(1789379738.243046) can0 706#0319028F00000000
(1789379738.258720) can0 70E#035902CA00000000
(1789379739.149754) can0 765#0319018F00000000
(1789379739.736389) can0 736#0319018F00000000
(1789379739.742528) can0 73E#065901FB00000100
(1789379739.749764) can0 736#0319028F00000000
(1789379739.762601) can0 73E#075902FBC1310028
(1789379739.767558) can0 736#061904C13100FF00
(1789379739.778327) can0 73E#037F191200000000
(1789379740.247681) can0 7E0#0319018F00000000
(1789379740.269330) can0 7E8#065901FF00000000
(1789379740.269858) can0 7E0#0319028F00000000
(1789379740.297733) can0 7E8#035902FF00000000
(1789379741.580628) can0 730#0319018F00000000
(1789379741.618621) can0 738#065901CA00000200
(1789379741.619579) can0 730#0319028F00000000
(1789379741.657662) can0 738#100B5902CAC23A00
(1789379741.658430) can0 730#3000000000000000
(1789379741.659555) can0 738#2108C53B00080000
(1789379741.660357) can0 730#061904C23A00FF00
(1789379741.669709) can0 738#10375904C23A0008
(1789379741.670319) can0 730#3000000000000000
(1789379741.678158) can0 738#21100EDD00BF24F4
(1789379741.679524) can0 738#2289DD0102E181DD
(1789379741.687099) can0 738#230230DD0545DD06
(1789379741.689598) can0 738#2466330C7ED1117A
(1789379741.698895) can0 738#25D11758F40D00FD
(1789379741.699517) can0 738#260BC3FD0CF5FD0D
(1789379741.709037) can0 738#2700FD0E00FD0F00
(1789379741.710119) can0 730#061904C53B00FF00
(1789379741.719503) can0 738#10375904C53B0008
(1789379741.720183) can0 730#3000000000000000
(1789379741.728548) can0 738#21100EDD00BF2321
(1789379741.729572) can0 738#22CCDD0102E16BDD
(1789379741.738790) can0 738#230239DD053FDD06
(1789379741.739507) can0 738#2467330C7FD1118F
(1789379741.747573) can0 738#25D11745F40D00FD
(1789379741.749585) can0 738#260B07FD0C00FD0D
(1789379741.758368) can0 738#2700FD0E00FD0F00
(1789379742.617966) can0 737#0319018F00000000
(1789379742.658581) can0 73F#037F197800000000
(1789379743.158401) can0 73F#065901FF00000000
(1789379743.159413) can0 737#0319028F00000000
(1789379743.198629) can0 73F#037F197800000000
(1789379743.709705) can0 73F#035902FF00000000
(1789379746.048420) can0 797#0319018F00000000
(1789379746.066747) can0 79F#065901FF00000000
(1789379746.067649) can0 797#0319028F00000000
(1789379746.078418) can0 79F#035902FF00000000
(1789379747.808778) can0 7E1#0319018F00000000
(1789379754.620849) can0 7DF#0414FFFFFF000000
(1789379754.622080) can0 76C#0154000000000000
(1789379754.629905) can0 738#0154000000000000
(1789379754.634754) can0 70E#0154000000000000
(1789379754.635006) can0 79B#0154000000000000
(1789379754.635730) can0 79F#037F147800000000
(1789379754.635971) can0 7E8#037F147800000000
(1789379754.641950) can0 73C#037F147800000000
(1789379754.642208) can0 7D8#0154000000000000
(1789379754.654841) can0 73F#037F147800000000
(1789379754.657117) can0 73E#037F147800000000
(1789379754.669847) can0 768#037F147800000000
(1789379754.694390) can0 73C#0154000000000000
(1789379754.696938) can0 73E#0154000000000000
(1789379754.787592) can0 79F#0154000000000000
(1789379754.814726) can0 73F#0154000000000000
(1789379754.815731) can0 7E8#0154000000000000
(1789379754.828410) can0 7DF#0414FFFFFF000000
(1789379754.834814) can0 76C#0154000000000000
(1789379754.835062) can0 79B#0154000000000000
(1789379754.837572) can0 79F#037F147800000000
(1789379754.837828) can0 738#0154000000000000
(1789379754.838599) can0 70E#0154000000000000
(1789379754.842033) can0 7D8#0154000000000000
(1789379754.846518) can0 7E8#037F147800000000
(1789379754.853566) can0 73C#037F147800000000
(1789379754.868672) can0 73E#037F147800000000
(1789379754.868910) can0 73F#037F147800000000
(1789379754.876557) can0 72E#037F147800000000
(1789379754.901745) can0 73C#0154000000000000
(1789379754.976878) can0 73E#0154000000000000
(1789379754.988664) can0 79F#0154000000000000
(1789379754.995700) can0 7E8#0154000000000000
(1789379755.035564) can0 73F#0154000000000000
(1789379755.049130) can0 7DF#0414FFFFFF000000
(1789379755.055067) can0 76C#0154000000000000
(1789379755.056028) can0 7E8#037F147800000000
(1789379755.057531) can0 79F#037F147800000000
(1789379755.057781) can0 738#0154000000000000
(1789379755.059359) can0 70E#0154000000000000
(1789379755.066268) can0 79B#0154000000000000
(1789379755.074647) can0 73C#037F147800000000
(1789379755.075145) can0 7D8#0154000000000000
(1789379755.086457) can0 73F#037F147800000000
(1789379755.088903) can0 73E#037F147800000000
(1789379755.116856) can0 73E#0154000000000000
(1789379755.121936) can0 73C#0154000000000000
(1789379755.126519) can0 72E#0154000000000000
(1789379755.208859) can0 79F#0154000000000000
(1789379755.209357) can0 7E8#0154000000000000
(1789379755.266500) can0 73F#0154000000000000
(1789379755.479989) can0 768#0154000000000000
(1789379755.519822) can0 768#037F147800000000
(1789379756.280019) can0 768#0154000000000000
(1789379756.319776) can0 768#037F147800000000
(1789379757.079773) can0 768#0154000000000000
(1789379773.146251) can0 760#0319018F00000000
(1789379773.164087) can0 768#0659017B00000000
(1789379773.164941) can0 760#0319028F00000000
(1789379773.184108) can0 768#0359027B00000000
(1789379774.325329) can0 7D0#0319018F00000000
(1789379774.335320) can0 7D8#065901CB00000000
(1789379774.336136) can0 7D0#0319028F00000000
(1789379774.345064) can0 7D8#035902CB00000000
(1789379774.678184) can0 726#0319018F00000000
(1789379774.689059) can0 72E#065901FF00000000
(1789379774.690204) can0 726#0319028F00000000
(1789379774.717376) can0 72E#035902FF00000000
(1789379775.017698) can0 764#0319018F00000000
(1789379775.023964) can0 76C#065901FF00000000
(1789379775.024698) can0 764#0319028F00000000
(1789379775.029620) can0 76C#035902FF00000000
(1789379777.096795) can0 7A5#0319018F00000000
(1789379778.499002) can0 793#0319018F00000000
(1789379778.505627) can0 79B#065901CB00000000
(1789379778.507156) can0 793#0319028F00000000
(1789379778.517436) can0 79B#035902CB00000000
(1789379779.316790) can0 734#0319018F00000000
(1789379779.365443) can0 73C#0659017F00000000
(1789379779.366784) can0 734#0319028F00000000
(1789379779.418101) can0 73C#0359027F00000000
(1789379779.807649) can0 7B2#0319018F00000000
(1789379781.107768) can0 706#0319018F00000000
(1789379781.116323) can0 70E#065901CA00000000
(1789379781.117173) can0 706#0319028F00000000
(1789379781.127840) can0 70E#035902CA00000000
(1789379781.908156) can0 765#0319018F00000000
(1789379782.436844) can0 736#0319018F00000000
(1789379782.447754) can0 73E#065901FB00000000
(1789379782.448390) can0 736#0319028F00000000
(1789379782.456853) can0 73E#035902FB00000000
(1789379782.794231) can0 7E0#0319018F00000000
(1789379782.814852) can0 7E8#065901FF00000000
(1789379782.815518) can0 7E0#0319028F00000000
(1789379782.845638) can0 7E8#035902FF00000000
(1789379783.655251) can0 730#0319018F00000000
(1789379783.688096) can0 738#065901CA00000000
(1789379783.688837) can0 730#0319028F00000000
(1789379783.725236) can0 738#035902CA00000000
(1789379784.166480) can0 737#0319018F00000000
(1789379784.198284) can0 73F#037F197800000000
(1789379784.699298) can0 73F#065901FF00000000
(1789379784.699842) can0 737#0319028F00000000
(1789379784.739389) can0 73F#037F197800000000
(1789379785.270764) can0 73F#035902FF00000000
(1789379786.695270) can0 797#0319018F00000000
(1789379786.710581) can0 79F#065901FF00000000
(1789379786.714746) can0 797#0319028F00000000
(1789379786.729725) can0 79F#035902FF00000000
(1789379788.126168) can0 7E1#0319018F00000000
